ProductID,MakeFlag,FinishedGoodsFlag,Color,SafetyStockLevel,ReorderPoint,StandardCost,ListPrice,Size,SizeUnitMeasureCode,Weight,DaysToManufacture,ProductLine,Class,Style,ProductSubcategoryID,ProductModelID,BUY
1,False,False,,1000,750,0.0,0.0,,,,0,,,,,,0
2,False,False,,1000,750,0.0,0.0,,,,0,,,,,,0
3,True,False,,800,600,0.0,0.0,,,,1,,,,,,0
4,False,False,,800,600,0.0,0.0,,,,0,,,,,,0
316,True,False,,800,600,0.0,0.0,,,,1,,,,,,0
317,False,False,Black,500,375,0.0,0.0,,,,0,,L ,,,,0
318,False,False,Black,500,375,0.0,0.0,,,,0,,M ,,,,0
319,False,False,Black,500,375,0.0,0.0,,,,0,,,,,,0
320,False,False,Silver,1000,750,0.0,0.0,,,,0,,,,,,0
321,False,False,Silver,1000,750,0.0,0.0,,,,0,,,,,,0
322,False,False,Black,1000,750,0.0,0.0,,,,0,,,,,,0
323,False,False,,1000,750,0.0,0.0,,,,0,,,,,,0
324,True,False,,1000,750,0.0,0.0,,,,1,,,,,,0
325,False,False,,1000,750,0.0,0.0,,,,0,,,,,,0
326,False,False,,1000,750,0.0,0.0,,,,0,,,,,,0
327,True,False,,800,600,0.0,0.0,,,,1,,,,,,0
328,True,False,,1000,750,0.0,0.0,,,,1,,,,,,0
329,True,False,,1000,750,0.0,0.0,,,,1,,,,,,0
330,True,False,,1000,750,0.0,0.0,,,,1,,,,,,0
331,True,False,,800,600,0.0,0.0,,,,1,,,,,,0
332,False,False,Silver,500,375,0.0,0.0,,,,0,,,,,,0
341,False,False,,1000,750,0.0,0.0,,,,0,,,,,,0
342,False,False,,1000,750,0.0,0.0,,,,0,,,,,,0
343,False,False,,1000,750,0.0,0.0,,,,0,,,,,,0
344,False,False,,1000,750,0.0,0.0,,,,0,,,,,,0
345,False,False,,1000,750,0.0,0.0,,,,0,,,,,,0
346,False,False,,1000,750,0.0,0.0,,,,0,,,,,,0
347,False,False,,1000,750,0.0,0.0,,,,0,,,,,,0
348,False,False,,1000,750,0.0,0.0,,,,0,,,,,,0
349,False,False,,1000,750,0.0,0.0,,,,0,,,,,,0
350,True,False,,800,600,0.0,0.0,,,,1,,,,,,0
351,False,False,Silver,800,600,0.0,0.0,,,,0,,,,,,0
352,False,False,Silver,800,600,0.0,0.0,,,,0,,,,,,0
355,False,False,,800,600,0.0,0.0,,,,0,,,,,,0
356,False,False,,800,600,0.0,0.0,,,,0,,L ,,,,0
357,False,False,,800,600,0.0,0.0,,,,0,,M ,,,,0
358,False,False,,800,600,0.0,0.0,,,,0,,,,,,0
359,False,False,,1000,750,0.0,0.0,,,,0,,,,,,0
360,False,False,,1000,750,0.0,0.0,,,,0,,,,,,0
361,False,False,,1000,750,0.0,0.0,,,,0,,,,,,0
362,False,False,,1000,750,0.0,0.0,,,,0,,,,,,0
363,False,False,,1000,750,0.0,0.0,,,,0,,,,,,0
364,False,False,,1000,750,0.0,0.0,,,,0,,,,,,0
365,False,False,,1000,750,0.0,0.0,,,,0,,,,,,0
366,False,False,,1000,750,0.0,0.0,,,,0,,,,,,0
367,False,False,,1000,750,0.0,0.0,,,,0,,,,,,0
368,False,False,,1000,750,0.0,0.0,,,,0,,,,,,0
369,False,False,,1000,750,0.0,0.0,,,,0,,,,,,0
370,False,False,,1000,750,0.0,0.0,,,,0,,,,,,0
371,False,False,,1000,750,0.0,0.0,,,,0,,,,,,0
372,False,False,,1000,750,0.0,0.0,,,,0,,,,,,0
373,False,False,,1000,750,0.0,0.0,,,,0,,,,,,0
374,False,False,,1000,750,0.0,0.0,,,,0,,,,,,0
375,False,False,,1000,750,0.0,0.0,,,,0,,,,,,0
376,False,False,,1000,750,0.0,0.0,,,,0,,,,,,0
377,False,False,,1000,750,0.0,0.0,,,,0,,,,,,0
378,False,False,,1000,750,0.0,0.0,,,,0,,,,,,0
379,False,False,,1000,750,0.0,0.0,,,,0,,,,,,0
380,False,False,,1000,750,0.0,0.0,,,,0,,,,,,0
381,False,False,,1000,750,0.0,0.0,,,,0,,,,,,0
382,False,False,,1000,750,0.0,0.0,,,,0,,,,,,0
383,False,False,,1000,750,0.0,0.0,,,,0,,,,,,0
384,False,False,,1000,750,0.0,0.0,,,,0,,,,,,0
385,False,False,,1000,750,0.0,0.0,,,,0,,,,,,0
386,False,False,,1000,750,0.0,0.0,,,,0,,,,,,0
387,False,False,,1000,750,0.0,0.0,,,,0,,,,,,0
388,False,False,,1000,750,0.0,0.0,,,,0,,,,,,0
389,False,False,,1000,750,0.0,0.0,,,,0,,,,,,0
390,False,False,,1000,750,0.0,0.0,,,,0,,,,,,0
391,False,False,,1000,750,0.0,0.0,,,,0,,,,,,0
392,False,False,,1000,750,0.0,0.0,,,,0,,,,,,0
393,False,False,,1000,750,0.0,0.0,,,,0,,,,,,0
394,False,False,,1000,750,0.0,0.0,,,,0,,,,,,0
395,False,False,,1000,750,0.0,0.0,,,,0,,,,,,0
396,False,False,,1000,750,0.0,0.0,,,,0,,,,,,0
397,False,False,,1000,750,0.0,0.0,,,,0,,,,,,0
398,True,False,,800,600,0.0,0.0,,,,1,,,,,,0
399,True,False,,800,600,0.0,0.0,,,,1,,,,,,0
400,True,False,,500,375,0.0,0.0,,,,1,,L ,,,,0
401,True,False,,500,375,0.0,0.0,,,,1,,,,,,0
402,False,False,,1000,750,0.0,0.0,,,,0,,,,,,0
403,False,False,,1000,750,0.0,0.0,,,,0,,,,,,0
404,False,False,,1000,750,0.0,0.0,,,,0,,,,,,0
405,False,False,,1000,750,0.0,0.0,,,,0,,,,,,0
406,False,False,,1000,750,0.0,0.0,,,,0,,,,,,0
407,False,False,,1000,750,0.0,0.0,,,,0,,,,,,0
408,False,False,,1000,750,0.0,0.0,,,,0,,,,,,0
409,False,False,,1000,750,0.0,0.0,,,,0,,,,,,0
410,False,False,,1000,750,0.0,0.0,,,,0,,,,,,0
411,False,False,,1000,750,0.0,0.0,,,,0,,,,,,0
412,False,False,,1000,750,0.0,0.0,,,,0,,,,,,0
413,False,False,,1000,750,0.0,0.0,,,,0,,,,,,0
414,False,False,,1000,750,0.0,0.0,,,,0,,,,,,0
415,False,False,,1000,750,0.0,0.0,,,,0,,,,,,0
416,False,False,,1000,750,0.0,0.0,,,,0,,,,,,0
417,False,False,,1000,750,0.0,0.0,,,,0,,,,,,0
418,False,False,,1000,750,0.0,0.0,,,,0,,,,,,0
419,False,False,,1000,750,0.0,0.0,,,,0,,,,,,0
420,False,False,,1000,750,0.0,0.0,,,,0,,,,,,0
421,False,False,,1000,750,0.0,0.0,,,,0,,,,,,0
422,False,False,,1000,750,0.0,0.0,,,,0,,,,,,0
423,False,False,,1000,750,0.0,0.0,,,,0,,,,,,0
424,False,False,,1000,750,0.0,0.0,,,,0,,,,,,0
425,False,False,,1000,750,0.0,0.0,,,,0,,,,,,0
426,False,False,,1000,750,0.0,0.0,,,,0,,,,,,0
427,False,False,,1000,750,0.0,0.0,,,,0,,,,,,0
428,False,False,,1000,750,0.0,0.0,,,,0,,,,,,0
429,False,False,,1000,750,0.0,0.0,,,,0,,,,,,0
430,False,False,,1000,750,0.0,0.0,,,,0,,,,,,0
431,False,False,,1000,750,0.0,0.0,,,,0,,,,,,0
432,False,False,,1000,750,0.0,0.0,,,,0,,,,,,0
433,False,False,,1000,750,0.0,0.0,,,,0,,,,,,0
434,False,False,,1000,750,0.0,0.0,,,,0,,,,,,0
435,False,False,,1000,750,0.0,0.0,,,,0,,,,,,0
436,False,False,,1000,750,0.0,0.0,,,,0,,,,,,0
437,False,False,,1000,750,0.0,0.0,,,,0,,,,,,0
438,False,False,,1000,750,0.0,0.0,,,,0,,,,,,0
439,False,False,,1000,750,0.0,0.0,,,,0,,,,,,0
440,False,False,,1000,750,0.0,0.0,,,,0,,,,,,0
441,False,False,,1000,750,0.0,0.0,,,,0,,,,,,0
442,False,False,,1000,750,0.0,0.0,,,,0,,,,,,0
443,False,False,,1000,750,0.0,0.0,,,,0,,,,,,0
444,False,False,,1000,750,0.0,0.0,,,,0,,,,,,0
445,False,False,,1000,750,0.0,0.0,,,,0,,,,,,0
446,False,False,,1000,750,0.0,0.0,,,,0,,,,,,0
447,False,False,,1000,750,0.0,0.0,,,,0,,,,,,0
448,False,False,,1000,750,0.0,0.0,,,,0,,,,,,0
449,False,False,,1000,750,0.0,0.0,,,,0,,,,,,0
450,False,False,,1000,750,0.0,0.0,,,,0,,,,,,0
451,False,False,,1000,750,0.0,0.0,,,,0,,,,,,0
452,False,False,,1000,750,0.0,0.0,,,,0,,,,,,0
453,False,False,,1000,750,0.0,0.0,,,,0,,,,,,0
454,False,False,,1000,750,0.0,0.0,,,,0,,,,,,0
455,False,False,,1000,750,0.0,0.0,,,,0,,,,,,0
456,False,False,,1000,750,0.0,0.0,,,,0,,,,,,0
457,False,False,,1000,750,0.0,0.0,,,,0,,,,,,0
458,False,False,,1000,750,0.0,0.0,,,,0,,,,,,0
459,False,False,,1000,750,0.0,0.0,,,,0,,,,,,0
460,False,False,,1000,750,0.0,0.0,,,,0,,,,,,0
461,False,False,Silver,1000,750,0.0,0.0,,,,0,,,,,,0
462,False,False,,1000,750,0.0,0.0,,,,0,,,,,,0
463,False,False,,1000,750,0.0,0.0,,,,0,,,,,,0
464,False,False,,1000,750,0.0,0.0,,,,0,,,,,,0
465,False,False,,1000,750,0.0,0.0,,,,0,,,,,,0
466,False,False,,1000,750,0.0,0.0,,,,0,,,,,,0
467,False,False,,1000,750,0.0,0.0,,,,0,,,,,,0
468,False,False,,1000,750,0.0,0.0,,,,0,,,,,,0
469,False,False,,1000,750,0.0,0.0,,,,0,,,,,,0
470,False,False,,1000,750,0.0,0.0,,,,0,,,,,,0
471,False,False,,1000,750,0.0,0.0,,,,0,,,,,,0
472,False,False,,1000,750,0.0,0.0,,,,0,,,,,,0
473,False,False,,1000,750,0.0,0.0,,,,0,,,,,,0
474,False,False,,1000,750,0.0,0.0,,,,0,,,,,,0
475,False,False,,1000,750,0.0,0.0,,,,0,,,,,,0
476,False,False,,1000,750,0.0,0.0,,,,0,,,,,,0
477,False,False,,1000,750,0.0,0.0,,,,0,,,,,,0
478,False,False,,1000,750,0.0,0.0,,,,0,,,,,,0
479,False,False,,1000,750,0.0,0.0,,,,0,,,,,,0
480,False,False,,1000,750,0.0,0.0,,,,0,,,,,,0
481,False,False,,1000,750,0.0,0.0,,,,0,,,,,,0
482,False,False,,1000,750,0.0,0.0,,,,0,,,,,,0
483,False,False,,1000,750,0.0,0.0,,,,0,,,,,,0
484,False,False,,1000,750,0.0,0.0,,,,0,,,,,,0
485,False,False,,1000,750,0.0,0.0,,,,0,,,,,,0
486,False,False,,1000,750,0.0,0.0,,,,0,,,,,,0
487,False,False,,1000,750,0.0,0.0,,,,0,,,,,,0
488,False,False,,1000,750,0.0,0.0,,,,0,,,,,,0
489,False,False,,1000,750,0.0,0.0,,,,0,,,,,,0
490,False,False,,1000,750,0.0,0.0,,,,0,,L ,,,,0
491,False,False,,1000,750,0.0,0.0,,,,0,,,,,,0
492,False,False,,60,45,0.0,0.0,,,,0,,,,,,0
493,False,False,,60,45,0.0,0.0,,,,0,,,,,,0
494,False,False,,60,45,0.0,0.0,,,,0,,,,,,0
495,False,False,,60,45,0.0,0.0,,,,0,,,,,,0
496,False,False,,60,45,0.0,0.0,,,,0,,,,,,0
497,False,False,,1000,750,0.0,0.0,,,,0,,,,,,0
504,False,False,,1000,750,0.0,0.0,,,,0,,,,,,0
505,False,False,,1000,750,0.0,0.0,,,,0,,,,,,0
506,False,False,,1000,750,0.0,0.0,,,,0,,,,,,0
507,False,False,,800,600,0.0,0.0,,,435.0,0,,L ,,,,0
508,False,False,,800,600,0.0,0.0,,,450.0,0,,M ,,,,0
509,False,False,,800,600,0.0,0.0,,,400.0,0,,,,,,0
510,False,False,,800,600,0.0,0.0,,,445.0,0,,L ,,,,0
511,False,False,,800,600,0.0,0.0,,,450.0,0,,M ,,,,0
512,False,False,,800,600,0.0,0.0,,,400.0,0,,,,,,0
513,False,False,,800,600,0.0,0.0,,,460.0,0,,,,,,0
514,True,False,,500,375,98.77,133.34,,,,1,,L ,,,,0
515,True,False,,500,375,108.99,147.14,,,,1,,M ,,,,0
516,True,False,,500,375,145.87,196.92,,,,1,,,,,,0
517,True,False,,500,375,98.77,133.34,,,,1,,L ,,,,0
518,True,False,,500,375,108.99,147.14,,,,1,,M ,,,,0
519,True,False,,500,375,145.87,196.92,,,,1,,,,,,0
520,True,False,,500,375,98.77,133.34,,,,1,,L ,,,,0
521,True,False,,500,375,108.99,147.14,,,,1,,M ,,,,0
522,True,False,,500,375,145.87,196.92,,,,1,,,,,,0
523,False,False,,500,375,0.0,0.0,,,,0,,L ,,,,0
524,False,False,,500,375,0.0,0.0,,,,0,,,,,,0
525,False,False,,800,600,0.0,0.0,,,,0,,L ,,,,0
526,False,False,,800,600,0.0,0.0,,,,0,,,,,,0
527,False,False,,1000,750,0.0,0.0,,,,0,,,,,,0
528,False,False,,1000,750,0.0,0.0,,,,0,,,,,,0
529,True,False,,500,375,0.0,0.0,,,,1,,,,,,0
530,False,False,,500,375,0.0,0.0,,,,0,,,,,,0
531,True,False,,500,375,0.0,0.0,,,,1,,,,,,0
532,True,False,,800,600,0.0,0.0,,,,1,,,,,,0
533,True,False,,500,375,0.0,0.0,,,,1,,,,,,0
534,True,False,,500,375,0.0,0.0,,,,1,,,,,,0
535,False,False,,800,600,0.0,0.0,,,,0,,,,,,0
679,False,False,Silver,500,375,0.0,0.0,,,,0,,,,,,0
680,True,True,Black,500,375,1059.31,1431.5,58,CM ,2.24,1,R ,H ,U ,14.0,6.0,0
706,True,True,Red,500,375,1059.31,1431.5,58,CM ,2.24,1,R ,H ,U ,14.0,6.0,0
707,False,True,Red,4,3,13.0863,34.99,,,,0,S ,,,31.0,33.0,1
708,False,True,Black,4,3,13.0863,34.99,,,,0,S ,,,31.0,33.0,1
709,False,True,White,4,3,3.3963,9.5,M,,,0,M ,,U ,23.0,18.0,1
710,False,True,White,4,3,3.3963,9.5,L,,,0,M ,,U ,23.0,18.0,1
711,False,True,Blue,4,3,13.0863,34.99,,,,0,S ,,,31.0,33.0,1
712,False,True,Multi,4,3,6.9223,8.99,,,,0,S ,,U ,19.0,2.0,1
713,False,True,Multi,4,3,38.4923,49.99,S,,,0,S ,,U ,21.0,11.0,1
714,False,True,Multi,4,3,38.4923,49.99,M,,,0,S ,,U ,21.0,11.0,1
715,False,True,Multi,4,3,38.4923,49.99,L,,,0,S ,,U ,21.0,11.0,1
716,False,True,Multi,4,3,38.4923,49.99,XL,,,0,S ,,U ,21.0,11.0,1
717,True,True,Red,500,375,868.6342,1431.5,62,CM ,2.3,1,R ,H ,U ,14.0,6.0,1
718,True,True,Red,500,375,868.6342,1431.5,44,CM ,2.12,1,R ,H ,U ,14.0,6.0,1
719,True,True,Red,500,375,868.6342,1431.5,48,CM ,2.16,1,R ,H ,U ,14.0,6.0,1
720,True,True,Red,500,375,868.6342,1431.5,52,CM ,2.2,1,R ,H ,U ,14.0,6.0,0
721,True,True,Red,500,375,868.6342,1431.5,56,CM ,2.24,1,R ,H ,U ,14.0,6.0,0
722,True,True,Black,500,375,204.6251,337.22,58,CM ,2.46,1,R ,L ,U ,14.0,9.0,1
723,True,True,Black,500,375,204.6251,337.22,60,CM ,2.48,1,R ,L ,U ,14.0,9.0,1
724,True,True,Black,500,375,204.6251,337.22,62,CM ,2.5,1,R ,L ,U ,14.0,9.0,0
725,True,True,Red,500,375,187.1571,337.22,44,CM ,2.32,1,R ,L ,U ,14.0,9.0,1
726,True,True,Red,500,375,187.1571,337.22,48,CM ,2.36,1,R ,L ,U ,14.0,9.0,1
727,True,True,Red,500,375,187.1571,337.22,52,CM ,2.4,1,R ,L ,U ,14.0,9.0,1
728,True,True,Red,500,375,187.1571,337.22,58,CM ,2.46,1,R ,L ,U ,14.0,9.0,0
729,True,True,Red,500,375,187.1571,337.22,60,CM ,2.48,1,R ,L ,U ,14.0,9.0,1
730,True,True,Red,500,375,187.1571,337.22,62,CM ,2.5,1,R ,L ,U ,14.0,9.0,1
731,True,True,Red,500,375,352.1394,594.83,44,CM ,2.22,1,R ,M ,U ,14.0,16.0,0
732,True,True,Red,500,375,352.1394,594.83,48,CM ,2.26,1,R ,M ,U ,14.0,16.0,1
733,True,True,Red,500,375,352.1394,594.83,52,CM ,2.3,1,R ,M ,U ,14.0,16.0,1
734,True,True,Red,500,375,352.1394,594.83,58,CM ,2.36,1,R ,M ,U ,14.0,16.0,0
735,True,True,Red,500,375,352.1394,594.83,60,CM ,2.38,1,R ,M ,U ,14.0,16.0,0
736,True,True,Black,500,375,204.6251,337.22,44,CM ,2.32,1,R ,L ,U ,14.0,9.0,1
737,True,True,Black,500,375,204.6251,337.22,48,CM ,2.36,1,R ,L ,U ,14.0,9.0,0
738,True,True,Black,500,375,204.6251,337.22,52,CM ,2.4,1,R ,L ,U ,14.0,9.0,1
739,True,True,Silver,500,375,747.2002,1364.5,42,CM ,2.72,1,M ,H ,U ,12.0,5.0,1
740,True,True,Silver,500,375,706.811,1364.5,44,CM ,2.76,1,M ,H ,U ,12.0,5.0,0
741,True,True,Silver,500,375,706.811,1364.5,48,CM ,2.8,1,M ,H ,U ,12.0,5.0,1
742,True,True,Silver,500,375,747.2002,1364.5,46,CM ,2.84,1,M ,H ,U ,12.0,5.0,1
743,True,True,Black,500,375,739.041,1349.6,42,CM ,2.72,1,M ,H ,U ,12.0,5.0,1
744,True,True,Black,500,375,699.0928,1349.6,44,CM ,2.76,1,M ,H ,U ,12.0,5.0,1
745,True,True,Black,500,375,699.0928,1349.6,48,CM ,2.8,1,M ,H ,U ,12.0,5.0,1
746,True,True,Black,500,375,739.041,1349.6,46,CM ,2.84,1,M ,H ,U ,12.0,5.0,0
747,True,True,Black,500,375,739.041,1349.6,38,CM ,2.68,2,M ,H ,U ,12.0,5.0,1
748,True,True,Silver,500,375,747.2002,1364.5,38,CM ,2.68,2,M ,H ,U ,12.0,5.0,1
749,True,True,Red,100,75,2171.2942,3578.27,62,CM ,15.0,4,R ,H ,U ,2.0,25.0,1
750,True,True,Red,100,75,2171.2942,3578.27,44,CM ,13.77,4,R ,H ,U ,2.0,25.0,1
751,True,True,Red,100,75,2171.2942,3578.27,48,CM ,14.13,4,R ,H ,U ,2.0,25.0,1
752,True,True,Red,100,75,2171.2942,3578.27,52,CM ,14.42,4,R ,H ,U ,2.0,25.0,1
753,True,True,Red,100,75,2171.2942,3578.27,56,CM ,14.68,4,R ,H ,U ,2.0,25.0,1
754,True,True,Red,100,75,884.7083,1457.99,58,CM ,17.79,4,R ,M ,U ,2.0,28.0,1
755,True,True,Red,100,75,884.7083,1457.99,60,CM ,17.9,4,R ,M ,U ,2.0,28.0,1
756,True,True,Red,100,75,884.7083,1457.99,44,CM ,16.77,4,R ,M ,U ,2.0,28.0,1
757,True,True,Red,100,75,884.7083,1457.99,48,CM ,17.13,4,R ,M ,U ,2.0,28.0,1
758,True,True,Red,100,75,884.7083,1457.99,52,CM ,17.42,4,R ,M ,U ,2.0,28.0,1
759,True,True,Red,100,75,486.7066,782.99,58,CM ,19.79,4,R ,L ,U ,2.0,30.0,1
760,True,True,Red,100,75,486.7066,782.99,60,CM ,19.9,4,R ,L ,U ,2.0,30.0,1
761,True,True,Red,100,75,486.7066,782.99,62,CM ,20.0,4,R ,L ,U ,2.0,30.0,1
762,True,True,Red,100,75,486.7066,782.99,44,CM ,18.77,4,R ,L ,U ,2.0,30.0,1
763,True,True,Red,100,75,486.7066,782.99,48,CM ,19.13,4,R ,L ,U ,2.0,30.0,1
764,True,True,Red,100,75,486.7066,782.99,52,CM ,19.42,4,R ,L ,U ,2.0,30.0,1
765,True,True,Black,100,75,486.7066,782.99,58,CM ,19.79,4,R ,L ,U ,2.0,30.0,1
766,True,True,Black,100,75,486.7066,782.99,60,CM ,19.9,4,R ,L ,U ,2.0,30.0,1
767,True,True,Black,100,75,486.7066,782.99,62,CM ,20.0,4,R ,L ,U ,2.0,30.0,1
768,True,True,Black,100,75,486.7066,782.99,44,CM ,18.77,4,R ,L ,U ,2.0,30.0,1
769,True,True,Black,100,75,486.7066,782.99,48,CM ,19.13,4,R ,L ,U ,2.0,30.0,1
770,True,True,Black,100,75,486.7066,782.99,52,CM ,19.42,4,R ,L ,U ,2.0,30.0,1
771,True,True,Silver,100,75,1912.1544,3399.99,38,CM ,20.35,4,M ,H ,U ,1.0,19.0,1
772,True,True,Silver,100,75,1912.1544,3399.99,42,CM ,20.77,4,M ,H ,U ,1.0,19.0,1
773,True,True,Silver,100,75,1912.1544,3399.99,44,CM ,21.13,4,M ,H ,U ,1.0,19.0,1
774,True,True,Silver,100,75,1912.1544,3399.99,48,CM ,21.42,4,M ,H ,U ,1.0,19.0,1
775,True,True,Black,100,75,1898.0944,3374.99,38,CM ,20.35,4,M ,H ,U ,1.0,19.0,1
776,True,True,Black,100,75,1898.0944,3374.99,42,CM ,20.77,4,M ,H ,U ,1.0,19.0,1
777,True,True,Black,100,75,1898.0944,3374.99,44,CM ,21.13,4,M ,H ,U ,1.0,19.0,1
778,True,True,Black,100,75,1898.0944,3374.99,48,CM ,21.42,4,M ,H ,U ,1.0,19.0,1
779,True,True,Silver,100,75,1265.6195,2319.99,38,CM ,23.35,4,M ,H ,U ,1.0,20.0,1
780,True,True,Silver,100,75,1265.6195,2319.99,42,CM ,23.77,4,M ,H ,U ,1.0,20.0,1
781,True,True,Silver,100,75,1265.6195,2319.99,46,CM ,24.13,4,M ,H ,U ,1.0,20.0,1
782,True,True,Black,100,75,1251.9813,2294.99,38,CM ,23.35,4,M ,H ,U ,1.0,20.0,1
783,True,True,Black,100,75,1251.9813,2294.99,42,CM ,23.77,4,M ,H ,U ,1.0,20.0,1
784,True,True,Black,100,75,1251.9813,2294.99,46,CM ,24.13,4,M ,H ,U ,1.0,20.0,1
785,True,True,Black,100,75,598.4354,1079.99,38,CM ,25.35,4,M ,M ,U ,1.0,21.0,1
786,True,True,Black,100,75,598.4354,1079.99,40,CM ,25.77,4,M ,M ,U ,1.0,21.0,1
787,True,True,Black,100,75,598.4354,1079.99,44,CM ,26.13,4,M ,M ,U ,1.0,21.0,1
788,True,True,Black,100,75,598.4354,1079.99,48,CM ,26.42,4,M ,M ,U ,1.0,21.0,1
789,True,True,Red,100,75,1518.7864,2443.35,44,CM ,14.77,4,R ,H ,U ,2.0,26.0,1
790,True,True,Red,100,75,1518.7864,2443.35,48,CM ,15.13,4,R ,H ,U ,2.0,26.0,1
791,True,True,Red,100,75,1518.7864,2443.35,52,CM ,15.42,4,R ,H ,U ,2.0,26.0,1
792,True,True,Red,100,75,1554.9479,2443.35,58,CM ,15.79,4,R ,H ,U ,2.0,26.0,1
793,True,True,Black,100,75,1554.9479,2443.35,44,CM ,14.77,4,R ,H ,U ,2.0,26.0,1
794,True,True,Black,100,75,1554.9479,2443.35,48,CM ,15.13,4,R ,H ,U ,2.0,26.0,1
795,True,True,Black,100,75,1554.9479,2443.35,52,CM ,15.42,4,R ,H ,U ,2.0,26.0,1
796,True,True,Black,100,75,1554.9479,2443.35,58,CM ,15.68,4,R ,H ,U ,2.0,26.0,1
797,True,True,Yellow,100,75,713.0798,1120.49,38,CM ,17.35,4,R ,M ,W ,2.0,29.0,1
798,True,True,Yellow,100,75,713.0798,1120.49,40,CM ,17.77,4,R ,M ,W ,2.0,29.0,1
799,True,True,Yellow,100,75,713.0798,1120.49,42,CM ,18.13,4,R ,M ,W ,2.0,29.0,1
800,True,True,Yellow,100,75,713.0798,1120.49,44,CM ,18.42,4,R ,M ,W ,2.0,29.0,1
801,True,True,Yellow,100,75,713.0798,1120.49,48,CM ,18.68,4,R ,M ,W ,2.0,29.0,1
802,True,True,,500,375,65.8097,148.22,,,,1,,L ,,10.0,104.0,1
803,True,True,,500,375,77.9176,175.49,,,,1,,M ,,10.0,105.0,0
804,True,True,,500,375,101.8936,229.49,,,,1,,H ,,10.0,106.0,1
805,True,True,,500,375,15.1848,34.2,,,,1,,L ,,11.0,59.0,1
806,True,True,,500,375,45.4168,102.29,,,,1,,M ,,11.0,60.0,1
807,True,True,,500,375,55.3801,124.73,,,,1,,H ,,11.0,61.0,1
808,True,True,,500,375,19.7758,44.54,,,,1,M ,L ,,4.0,52.0,1
809,True,True,,500,375,27.4925,61.92,,,,1,M ,M ,,4.0,54.0,1
810,True,True,,500,375,53.3999,120.27,,,,1,M ,H ,,4.0,55.0,1
811,True,True,,500,375,19.7758,44.54,,,,1,R ,L ,,4.0,56.0,1
812,True,True,,500,375,27.4925,61.92,,,,1,R ,M ,,4.0,57.0,0
813,True,True,,500,375,53.3999,120.27,,,,1,R ,H ,,4.0,58.0,1
814,True,True,Black,500,375,185.8193,348.76,38,CM ,2.73,2,M ,M ,U ,12.0,15.0,1
815,True,True,Black,500,375,26.9708,60.745,,,,1,M ,L ,,17.0,42.0,1
816,True,True,Black,500,375,92.8071,209.025,,,,1,M ,M ,,17.0,45.0,1
817,True,True,Black,500,375,133.2955,300.215,,,,1,M ,H ,,17.0,46.0,1
818,True,True,Black,500,375,37.9909,85.565,,,900.0,1,R ,L ,,17.0,49.0,0
819,True,True,Black,500,375,110.2829,248.385,,,850.0,1,R ,M ,,17.0,50.0,1
820,True,True,Black,500,375,146.5466,330.06,,,650.0,1,R ,H ,,17.0,51.0,1
821,True,True,Black,500,375,96.7964,218.01,,,,1,T ,,,17.0,44.0,0
822,True,True,Yellow,500,375,360.9428,594.83,38,CM ,2.18,2,R ,M ,W ,14.0,17.0,1
823,True,True,Black,500,375,38.9588,87.745,,,,1,M ,L ,,17.0,123.0,1
824,True,True,Black,500,375,104.7951,236.025,,,,1,M ,M ,,17.0,124.0,1
825,True,True,Black,500,375,145.2835,327.215,,,,1,M ,H ,,17.0,125.0,1
826,True,True,Black,500,375,49.9789,112.565,,,1050.0,1,R ,L ,,17.0,126.0,1
827,True,True,Black,500,375,122.2709,275.385,,,1000.0,1,R ,M ,,17.0,77.0,1
828,True,True,Black,500,375,158.5346,357.06,,,890.0,1,R ,H ,,17.0,78.0,1
829,True,True,Black,500,375,108.7844,245.01,,,,1,T ,,,17.0,43.0,0
830,True,True,Black,500,375,185.8193,348.76,40,CM ,2.77,1,M ,M ,U ,12.0,14.0,1
831,True,True,Black,500,375,185.8193,348.76,44,CM ,2.81,1,M ,M ,U ,12.0,14.0,1
832,True,True,Black,500,375,185.8193,348.76,48,CM ,2.85,1,M ,M ,U ,12.0,14.0,1
833,True,True,Yellow,500,375,360.9428,594.83,40,CM ,2.22,1,R ,M ,W ,14.0,17.0,1
834,True,True,Yellow,500,375,360.9428,594.83,42,CM ,2.26,1,R ,M ,W ,14.0,17.0,0
835,True,True,Yellow,500,375,360.9428,594.83,44,CM ,2.3,1,R ,M ,W ,14.0,17.0,1
836,True,True,Yellow,500,375,360.9428,594.83,48,CM ,2.34,1,R ,M ,W ,14.0,17.0,1
837,True,True,Black,500,375,868.6342,1431.5,62,CM ,2.3,1,R ,H ,U ,14.0,6.0,0
838,True,True,Black,500,375,868.6342,1431.5,44,CM ,2.12,1,R ,H ,U ,14.0,6.0,1
839,True,True,Black,500,375,868.6342,1431.5,48,CM ,2.16,1,R ,H ,U ,14.0,6.0,1
840,True,True,Black,500,375,868.6342,1431.5,52,CM ,2.2,1,R ,H ,U ,14.0,6.0,0
841,False,True,Black,4,3,24.7459,59.99,S,,,0,S ,,M ,22.0,13.0,1
842,False,True,Grey,4,3,51.5625,125.0,,,,0,T ,,,35.0,120.0,0
843,False,True,,4,3,10.3125,25.0,,,,0,S ,,,34.0,115.0,1
844,False,True,,4,3,8.2459,19.99,,,,0,S ,,,36.0,116.0,1
845,False,True,,4,3,10.3084,24.99,,,,0,M ,,,36.0,117.0,0
846,False,True,,4,3,5.7709,13.99,,,,0,R ,,,33.0,108.0,0
847,False,True,,4,3,14.4334,34.99,,,,0,R ,,,33.0,109.0,0
848,False,True,,4,3,18.5584,44.99,,,,0,R ,,,33.0,110.0,0
849,False,True,Black,4,3,24.7459,59.99,M,,,0,S ,,M ,22.0,13.0,1
850,False,True,Black,4,3,24.7459,59.99,L,,,0,S ,,M ,22.0,13.0,1
851,False,True,Black,4,3,24.7459,59.99,XL,,,0,S ,,M ,22.0,13.0,0
852,False,True,Black,4,3,30.9334,74.99,S,,,0,S ,,W ,24.0,38.0,1
853,False,True,Black,4,3,30.9334,74.99,M,,,0,S ,,W ,24.0,38.0,1
854,False,True,Black,4,3,30.9334,74.99,L,,,0,S ,,W ,24.0,38.0,1
855,False,True,Multi,4,3,37.1209,89.99,S,,,0,S ,,M ,18.0,12.0,1
856,False,True,Multi,4,3,37.1209,89.99,M,,,0,S ,,M ,18.0,12.0,1
857,False,True,Multi,4,3,37.1209,89.99,L,,,0,S ,,M ,18.0,12.0,1
858,False,True,Black,4,3,9.1593,24.49,S,,,0,S ,,U ,20.0,4.0,1
859,False,True,Black,4,3,9.1593,24.49,M,,,0,S ,,U ,20.0,4.0,1
860,False,True,Black,4,3,9.1593,24.49,L,,,0,S ,,U ,20.0,4.0,1
861,False,True,Black,4,3,15.6709,37.99,S,,,0,M ,,U ,20.0,3.0,1
862,False,True,Black,4,3,15.6709,37.99,M,,,0,M ,,U ,20.0,3.0,1
863,False,True,Black,4,3,15.6709,37.99,L,,,0,M ,,U ,20.0,3.0,1
864,False,True,Blue,4,3,23.749,63.5,S,,,0,S ,,U ,25.0,1.0,1
865,False,True,Blue,4,3,23.749,63.5,M,,,0,S ,,U ,25.0,1.0,1
866,False,True,Blue,4,3,23.749,63.5,L,,,0,S ,,U ,25.0,1.0,1
867,False,True,Black,4,3,26.1763,69.99,S,,,0,M ,,W ,22.0,37.0,1
868,False,True,Black,4,3,26.1763,69.99,M,,,0,M ,,W ,22.0,37.0,1
869,False,True,Black,4,3,26.1763,69.99,L,,,0,M ,,W ,22.0,37.0,1
870,False,True,,4,3,1.8663,4.99,,,,0,S ,,,28.0,111.0,1
871,False,True,,4,3,3.7363,9.99,,,,0,M ,,,28.0,112.0,1
872,False,True,,4,3,3.3623,8.99,,,,0,R ,,,28.0,113.0,1
873,False,True,,4,3,0.8565,2.29,,,,0,S ,,,37.0,114.0,1
874,False,True,White,4,3,3.3623,8.99,M,,,0,R ,,U ,23.0,24.0,1
875,False,True,White,4,3,3.3623,8.99,L,,,0,R ,,U ,23.0,24.0,1
876,False,True,,4,3,44.88,120.0,,,,0,S ,,,26.0,118.0,1
877,False,True,,4,3,2.9733,7.95,,,,0,S ,,,29.0,119.0,1
878,False,True,,4,3,8.2205,21.98,,,,0,M ,,,30.0,121.0,1
879,False,True,,4,3,59.466,159.0,,,,0,M ,,,27.0,122.0,1
880,False,True,Silver,4,3,20.5663,54.99,70,,,0,S ,,,32.0,107.0,1
881,False,True,Yellow,4,3,41.5723,53.99,S,,,0,S ,,U ,21.0,32.0,1
882,False,True,Yellow,4,3,41.5723,53.99,M,,,0,S ,,U ,21.0,32.0,1
883,False,True,Yellow,4,3,41.5723,53.99,L,,,0,S ,,U ,21.0,32.0,1
884,False,True,Yellow,4,3,41.5723,53.99,XL,,,0,S ,,U ,21.0,32.0,1
885,True,True,Yellow,500,375,601.7437,1003.91,60,CM ,3.08,1,T ,H ,U ,16.0,7.0,1
886,True,True,Yellow,500,375,199.8519,333.42,62,CM ,3.2,1,T ,L ,U ,16.0,10.0,1
887,True,True,Yellow,500,375,601.7437,1003.91,46,CM ,2.96,1,T ,H ,U ,16.0,7.0,1
888,True,True,Yellow,500,375,601.7437,1003.91,50,CM ,3.0,1,T ,H ,U ,16.0,7.0,1
889,True,True,Yellow,500,375,601.7437,1003.91,54,CM ,3.04,1,T ,H ,U ,16.0,7.0,1
890,True,True,Blue,500,375,601.7437,1003.91,46,CM ,2.96,1,T ,H ,U ,16.0,7.0,1
891,True,True,Blue,500,375,601.7437,1003.91,50,CM ,3.0,1,T ,H ,U ,16.0,7.0,1
892,True,True,Blue,500,375,601.7437,1003.91,54,CM ,3.04,1,T ,H ,U ,16.0,7.0,1
893,True,True,Blue,500,375,601.7437,1003.91,60,CM ,3.08,1,T ,H ,U ,16.0,7.0,1
894,True,True,Silver,500,375,53.9282,121.46,,,215.0,1,,,,9.0,127.0,1
895,True,True,Blue,500,375,199.8519,333.42,50,CM ,3.1,1,T ,L ,U ,16.0,10.0,1
896,True,True,Blue,500,375,199.8519,333.42,54,CM ,3.14,1,T ,L ,U ,16.0,10.0,1
897,True,True,Blue,500,375,199.8519,333.42,58,CM ,3.16,1,T ,L ,U ,16.0,10.0,1
898,True,True,Blue,500,375,199.8519,333.42,62,CM ,3.2,1,T ,L ,U ,16.0,10.0,1
899,True,True,Yellow,500,375,199.8519,333.42,44,CM ,3.02,1,T ,L ,U ,16.0,10.0,1
900,True,True,Yellow,500,375,199.8519,333.42,50,CM ,3.1,1,T ,L ,U ,16.0,10.0,1
901,True,True,Yellow,500,375,199.8519,333.42,54,CM ,3.14,1,T ,L ,U ,16.0,10.0,0
902,True,True,Yellow,500,375,199.8519,333.42,58,CM ,3.16,1,T ,L ,U ,16.0,10.0,1
903,True,True,Blue,500,375,199.8519,333.42,44,CM ,3.02,1,T ,L ,U ,16.0,10.0,1
904,True,True,Silver,500,375,199.3757,364.09,40,CM ,2.77,1,M ,M ,W ,12.0,15.0,1
905,True,True,Silver,500,375,199.3757,364.09,42,CM ,2.81,1,M ,M ,W ,12.0,15.0,1
906,True,True,Silver,500,375,199.3757,364.09,46,CM ,2.85,1,M ,M ,W ,12.0,15.0,1
907,False,True,Silver,500,375,47.286,106.5,,,317.0,1,,,,6.0,128.0,1
908,False,True,,500,375,12.0413,27.12,,,,1,M ,L ,,15.0,79.0,1
909,False,True,,500,375,17.3782,39.14,,,,1,M ,M ,,15.0,80.0,1
910,False,True,,500,375,23.3722,52.64,,,,1,M ,H ,,15.0,81.0,1
911,False,True,,500,375,12.0413,27.12,,,,1,R ,L ,,15.0,82.0,1
912,False,True,,500,375,17.3782,39.14,,,,1,T ,M ,,15.0,83.0,0
913,False,True,,500,375,23.3722,52.64,,,,1,R ,H ,,15.0,84.0,1
914,False,True,,500,375,12.0413,27.12,,,,1,T ,L ,,15.0,66.0,1
915,False,True,,500,375,17.3782,39.14,,,,1,T ,M ,,15.0,65.0,1
916,False,True,,500,375,23.3722,52.64,,,,1,T ,H ,,15.0,67.0,1
917,True,True,Silver,500,375,144.5938,264.05,42,CM ,2.92,1,M ,L ,U ,12.0,8.0,1
918,True,True,Silver,500,375,144.5938,264.05,44,CM ,2.96,1,M ,L ,U ,12.0,8.0,1
919,True,True,Silver,500,375,144.5938,264.05,48,CM ,3.0,1,M ,L ,U ,12.0,8.0,1
920,True,True,Silver,500,375,144.5938,264.05,52,CM ,3.04,1,M ,L ,U ,12.0,8.0,1
921,False,True,,500,375,1.8663,4.99,,,,0,M ,,,37.0,92.0,1
922,False,True,,500,375,1.4923,3.99,,,,0,R ,,,37.0,93.0,1
923,False,True,,500,375,1.8663,4.99,,,,0,T ,,,37.0,94.0,1
924,True,True,Black,500,375,136.785,249.79,42,CM ,2.92,1,M ,L ,U ,12.0,8.0,1
925,True,True,Black,500,375,136.785,249.79,44,CM ,2.96,1,M ,L ,U ,12.0,8.0,1
926,True,True,Black,500,375,136.785,249.79,48,CM ,3.0,1,M ,L ,U ,12.0,8.0,1
927,True,True,Black,500,375,136.785,249.79,52,CM ,3.04,1,M ,L ,U ,12.0,8.0,1
928,False,True,,500,375,9.3463,24.99,,,,0,M ,L ,,37.0,85.0,1
929,False,True,,500,375,11.2163,29.99,,,,0,M ,M ,,37.0,86.0,1
930,False,True,,500,375,13.09,35.0,,,,0,M ,H ,,37.0,87.0,1
931,False,True,,500,375,8.0373,21.49,,,,0,R ,L ,,37.0,88.0,1
932,False,True,,500,375,9.3463,24.99,,,,0,R ,M ,,37.0,89.0,1
933,False,True,,500,375,12.1924,32.6,,,,0,R ,H ,,37.0,90.0,1
934,False,True,,500,375,10.8423,28.99,,,,0,T ,,,37.0,91.0,1
935,False,True,Silver/Black,500,375,17.9776,40.49,,,218.0,1,M ,L ,,13.0,62.0,1
936,False,True,Silver/Black,500,375,27.568,62.09,,,215.0,1,M ,M ,,13.0,63.0,1
937,False,True,Silver/Black,500,375,35.9596,80.99,,,185.0,1,M ,H ,,13.0,64.0,1
938,False,True,Silver/Black,500,375,17.9776,40.49,,,189.0,1,R ,L ,,13.0,68.0,1
939,False,True,Silver/Black,500,375,27.568,62.09,,,168.0,1,R ,M ,,13.0,69.0,1
940,False,True,Silver/Black,500,375,35.9596,80.99,,,149.0,1,R ,H ,,13.0,70.0,1
941,False,True,Silver/Black,500,375,35.9596,80.99,,,,1,T ,,,13.0,53.0,1
942,True,True,Silver,500,375,199.3757,364.09,38,CM ,2.73,2,M ,M ,W ,12.0,15.0,1
943,True,True,Black,500,375,136.785,249.79,40,CM ,2.88,2,M ,L ,U ,12.0,8.0,1
944,True,True,Silver,500,375,144.5938,264.05,40,CM ,2.88,2,M ,L ,U ,12.0,8.0,1
945,True,True,Silver,500,375,40.6216,91.49,,,88.0,1,,,,9.0,103.0,1
946,True,True,,500,375,20.464,46.09,,,,1,T ,L ,,4.0,47.0,1
947,True,True,,500,375,40.6571,91.57,,,,1,T ,H ,,4.0,48.0,1
948,False,True,Silver,500,375,47.286,106.5,,,317.0,1,,,,6.0,102.0,1
949,True,True,Black,500,375,77.9176,175.49,,,600.0,1,,L ,,8.0,99.0,1
950,True,True,Black,500,375,113.8816,256.49,,,635.0,1,,M ,,8.0,100.0,1
951,True,True,Black,500,375,179.8156,404.99,,,575.0,1,,H ,,8.0,101.0,1
952,False,True,Silver,500,375,8.9866,20.24,,,,1,,,,7.0,98.0,1
953,True,True,Blue,100,75,755.1508,1214.85,60,CM ,27.9,4,T ,M ,U ,3.0,35.0,1
954,True,True,Yellow,100,75,1481.9379,2384.07,46,CM ,25.13,4,T ,H ,U ,3.0,34.0,1
955,True,True,Yellow,100,75,1481.9379,2384.07,50,CM ,25.42,4,T ,H ,U ,3.0,34.0,1
956,True,True,Yellow,100,75,1481.9379,2384.07,54,CM ,25.68,4,T ,H ,U ,3.0,34.0,1
957,True,True,Yellow,100,75,1481.9379,2384.07,60,CM ,25.9,4,T ,H ,U ,3.0,34.0,1
958,True,True,Blue,100,75,461.4448,742.35,54,CM ,29.68,4,T ,L ,U ,3.0,36.0,1
959,True,True,Blue,100,75,461.4448,742.35,58,CM ,29.9,4,T ,L ,U ,3.0,36.0,1
960,True,True,Blue,100,75,461.4448,742.35,62,CM ,30.0,4,T ,L ,U ,3.0,36.0,1
961,True,True,Yellow,100,75,461.4448,742.35,44,CM ,28.77,4,T ,L ,U ,3.0,36.0,1
962,True,True,Yellow,100,75,461.4448,742.35,50,CM ,29.13,4,T ,L ,U ,3.0,36.0,1
963,True,True,Yellow,100,75,461.4448,742.35,54,CM ,29.42,4,T ,L ,U ,3.0,36.0,1
964,True,True,Yellow,100,75,461.4448,742.35,58,CM ,29.79,4,T ,L ,U ,3.0,36.0,1
965,True,True,Yellow,100,75,461.4448,742.35,62,CM ,30.0,4,T ,L ,U ,3.0,36.0,1
966,True,True,Blue,100,75,1481.9379,2384.07,46,CM ,25.13,4,T ,H ,U ,3.0,34.0,1
967,True,True,Blue,100,75,1481.9379,2384.07,50,CM ,25.42,4,T ,H ,U ,3.0,34.0,1
968,True,True,Blue,100,75,1481.9379,2384.07,54,CM ,25.68,4,T ,H ,U ,3.0,34.0,1
969,True,True,Blue,100,75,1481.9379,2384.07,60,CM ,25.9,4,T ,H ,U ,3.0,34.0,1
970,True,True,Blue,100,75,755.1508,1214.85,46,CM ,27.13,4,T ,M ,U ,3.0,35.0,1
971,True,True,Blue,100,75,755.1508,1214.85,50,CM ,27.42,4,T ,M ,U ,3.0,35.0,1
972,True,True,Blue,100,75,755.1508,1214.85,54,CM ,27.68,4,T ,M ,U ,3.0,35.0,1
973,True,True,Yellow,100,75,1082.51,1700.99,40,CM ,15.35,4,R ,M ,W ,2.0,27.0,1
974,True,True,Yellow,100,75,1082.51,1700.99,42,CM ,15.77,4,R ,M ,W ,2.0,27.0,1
975,True,True,Yellow,100,75,1082.51,1700.99,44,CM ,16.13,4,R ,M ,W ,2.0,27.0,1
976,True,True,Yellow,100,75,1082.51,1700.99,48,CM ,16.42,4,R ,M ,W ,2.0,27.0,1
977,True,True,Black,100,75,343.6496,539.99,58,CM ,20.79,4,R ,L ,U ,2.0,31.0,1
978,True,True,Blue,100,75,461.4448,742.35,44,CM ,28.77,4,T ,L ,U ,3.0,36.0,1
979,True,True,Blue,100,75,461.4448,742.35,50,CM ,29.13,4,T ,L ,U ,3.0,36.0,1
980,True,True,Silver,100,75,419.7784,769.49,38,CM ,26.35,4,M ,M ,W ,1.0,22.0,1
981,True,True,Silver,100,75,419.7784,769.49,40,CM ,26.77,4,M ,M ,W ,1.0,22.0,1
982,True,True,Silver,100,75,419.7784,769.49,42,CM ,27.13,4,M ,M ,W ,1.0,22.0,1
983,True,True,Silver,100,75,419.7784,769.49,46,CM ,27.42,4,M ,M ,W ,1.0,22.0,1
984,True,True,Silver,100,75,308.2179,564.99,40,CM ,27.35,4,M ,L ,U ,1.0,23.0,1
985,True,True,Silver,100,75,308.2179,564.99,42,CM ,27.77,4,M ,L ,U ,1.0,23.0,1
986,True,True,Silver,100,75,308.2179,564.99,44,CM ,28.13,4,M ,L ,U ,1.0,23.0,1
987,True,True,Silver,100,75,308.2179,564.99,48,CM ,28.42,4,M ,L ,U ,1.0,23.0,1
988,True,True,Silver,100,75,308.2179,564.99,52,CM ,28.68,4,M ,L ,U ,1.0,23.0,1
989,True,True,Black,100,75,294.5797,539.99,40,CM ,27.35,4,M ,L ,U ,1.0,23.0,1
990,True,True,Black,100,75,294.5797,539.99,42,CM ,27.77,4,M ,L ,U ,1.0,23.0,1
991,True,True,Black,100,75,294.5797,539.99,44,CM ,28.13,4,M ,L ,U ,1.0,23.0,1
992,True,True,Black,100,75,294.5797,539.99,48,CM ,28.42,4,M ,L ,U ,1.0,23.0,1
993,True,True,Black,100,75,294.5797,539.99,52,CM ,28.68,4,M ,L ,U ,1.0,23.0,1
994,True,True,,500,375,23.9716,53.99,,,223.0,1,,L ,,5.0,95.0,1
995,True,True,,500,375,44.9506,101.24,,,168.0,1,,M ,,5.0,96.0,0
996,True,True,,500,375,53.9416,121.49,,,170.0,1,,H ,,5.0,97.0,1
997,True,True,Black,100,75,343.6496,539.99,44,CM ,19.77,4,R ,L ,U ,2.0,31.0,1
998,True,True,Black,100,75,343.6496,539.99,48,CM ,20.13,4,R ,L ,U ,2.0,31.0,1
999,True,True,Black,100,75,343.6496,539.99,52,CM ,20.42,4,R ,L ,U ,2.0,31.0,1
