ProductID,Name,ProductNumber,MakeFlag,FinishedGoodsFlag,Color,SafetyStockLevel,ReorderPoint,StandardCost,ListPrice,Size,SizeUnitMeasureCode,Weight,WeightUnitMeasureCode,DaysToManufacture,ProductLine,Class,Style,ProductSubcategoryID,SellStartDate,SellEndDate,DiscontinuedDate
1,Adjustable Race,AR-5381,False,False,,1000,750,0.0,0.0,,,,,0,,,,,2008-04-30,,
2,Bearing Ball,BA-8327,False,False,,1000,750,0.0,0.0,,,,,0,,,,,2008-04-30,,
3,BB Ball Bearing,BE-2349,True,False,,800,600,0.0,0.0,,,,,1,,,,,2008-04-30,,
4,Headset Ball Bearings,BE-2908,False,False,,800,600,0.0,0.0,,,,,0,,,,,2008-04-30,,
316,Blade,BL-2036,True,False,,800,600,0.0,0.0,,,,,1,,,,,2008-04-30,,
317,LL Crankarm,CA-5965,False,False,Black,500,375,0.0,0.0,,,,,0,,L ,,,2008-04-30,,
318,ML Crankarm,CA-6738,False,False,Black,500,375,0.0,0.0,,,,,0,,M ,,,2008-04-30,,
319,HL Crankarm,CA-7457,False,False,Black,500,375,0.0,0.0,,,,,0,,,,,2008-04-30,,
320,Chainring Bolts,CB-2903,False,False,Silver,1000,750,0.0,0.0,,,,,0,,,,,2008-04-30,,
321,Chainring Nut,CN-6137,False,False,Silver,1000,750,0.0,0.0,,,,,0,,,,,2008-04-30,,
322,Chainring,CR-7833,False,False,Black,1000,750,0.0,0.0,,,,,0,,,,,2008-04-30,,
323,Crown Race,CR-9981,False,False,,1000,750,0.0,0.0,,,,,0,,,,,2008-04-30,,
324,Chain Stays,CS-2812,True,False,,1000,750,0.0,0.0,,,,,1,,,,,2008-04-30,,
325,Decal 1,DC-8732,False,False,,1000,750,0.0,0.0,,,,,0,,,,,2008-04-30,,
326,Decal 2,DC-9824,False,False,,1000,750,0.0,0.0,,,,,0,,,,,2008-04-30,,
327,Down Tube,DT-2377,True,False,,800,600,0.0,0.0,,,,,1,,,,,2008-04-30,,
328,Mountain End Caps,EC-M092,True,False,,1000,750,0.0,0.0,,,,,1,,,,,2008-04-30,,
329,Road End Caps,EC-R098,True,False,,1000,750,0.0,0.0,,,,,1,,,,,2008-04-30,,
330,Touring End Caps,EC-T209,True,False,,1000,750,0.0,0.0,,,,,1,,,,,2008-04-30,,
331,Fork End,FE-3760,True,False,,800,600,0.0,0.0,,,,,1,,,,,2008-04-30,,
332,Freewheel,FH-2981,False,False,Silver,500,375,0.0,0.0,,,,,0,,,,,2008-04-30,,
341,Flat Washer 1,FW-1000,False,False,,1000,750,0.0,0.0,,,,,0,,,,,2008-04-30,,
342,Flat Washer 6,FW-1200,False,False,,1000,750,0.0,0.0,,,,,0,,,,,2008-04-30,,
343,Flat Washer 2,FW-1400,False,False,,1000,750,0.0,0.0,,,,,0,,,,,2008-04-30,,
344,Flat Washer 9,FW-3400,False,False,,1000,750,0.0,0.0,,,,,0,,,,,2008-04-30,,
345,Flat Washer 4,FW-3800,False,False,,1000,750,0.0,0.0,,,,,0,,,,,2008-04-30,,
346,Flat Washer 3,FW-5160,False,False,,1000,750,0.0,0.0,,,,,0,,,,,2008-04-30,,
347,Flat Washer 8,FW-5800,False,False,,1000,750,0.0,0.0,,,,,0,,,,,2008-04-30,,
348,Flat Washer 5,FW-7160,False,False,,1000,750,0.0,0.0,,,,,0,,,,,2008-04-30,,
349,Flat Washer 7,FW-9160,False,False,,1000,750,0.0,0.0,,,,,0,,,,,2008-04-30,,
350,Fork Crown,FC-3654,True,False,,800,600,0.0,0.0,,,,,1,,,,,2008-04-30,,
351,Front Derailleur Cage,FC-3982,False,False,Silver,800,600,0.0,0.0,,,,,0,,,,,2008-04-30,,
352,Front Derailleur Linkage,FL-2301,False,False,Silver,800,600,0.0,0.0,,,,,0,,,,,2008-04-30,,
355,Guide Pulley,GP-0982,False,False,,800,600,0.0,0.0,,,,,0,,,,,2008-04-30,,
356,LL Grip Tape,GT-0820,False,False,,800,600,0.0,0.0,,,,,0,,L ,,,2008-04-30,,
357,ML Grip Tape,GT-1209,False,False,,800,600,0.0,0.0,,,,,0,,M ,,,2008-04-30,,
358,HL Grip Tape,GT-2908,False,False,,800,600,0.0,0.0,,,,,0,,,,,2008-04-30,,
359,Thin-Jam Hex Nut 9,HJ-1213,False,False,,1000,750,0.0,0.0,,,,,0,,,,,2008-04-30,,
360,Thin-Jam Hex Nut 10,HJ-1220,False,False,,1000,750,0.0,0.0,,,,,0,,,,,2008-04-30,,
361,Thin-Jam Hex Nut 1,HJ-1420,False,False,,1000,750,0.0,0.0,,,,,0,,,,,2008-04-30,,
362,Thin-Jam Hex Nut 2,HJ-1428,False,False,,1000,750,0.0,0.0,,,,,0,,,,,2008-04-30,,
363,Thin-Jam Hex Nut 15,HJ-3410,False,False,,1000,750,0.0,0.0,,,,,0,,,,,2008-04-30,,
364,Thin-Jam Hex Nut 16,HJ-3416,False,False,,1000,750,0.0,0.0,,,,,0,,,,,2008-04-30,,
365,Thin-Jam Hex Nut 5,HJ-3816,False,False,,1000,750,0.0,0.0,,,,,0,,,,,2008-04-30,,
366,Thin-Jam Hex Nut 6,HJ-3824,False,False,,1000,750,0.0,0.0,,,,,0,,,,,2008-04-30,,
367,Thin-Jam Hex Nut 3,HJ-5161,False,False,,1000,750,0.0,0.0,,,,,0,,,,,2008-04-30,,
368,Thin-Jam Hex Nut 4,HJ-5162,False,False,,1000,750,0.0,0.0,,,,,0,,,,,2008-04-30,,
369,Thin-Jam Hex Nut 13,HJ-5811,False,False,,1000,750,0.0,0.0,,,,,0,,,,,2008-04-30,,
370,Thin-Jam Hex Nut 14,HJ-5818,False,False,,1000,750,0.0,0.0,,,,,0,,,,,2008-04-30,,
371,Thin-Jam Hex Nut 7,HJ-7161,False,False,,1000,750,0.0,0.0,,,,,0,,,,,2008-04-30,,
372,Thin-Jam Hex Nut 8,HJ-7162,False,False,,1000,750,0.0,0.0,,,,,0,,,,,2008-04-30,,
373,Thin-Jam Hex Nut 12,HJ-9080,False,False,,1000,750,0.0,0.0,,,,,0,,,,,2008-04-30,,
374,Thin-Jam Hex Nut 11,HJ-9161,False,False,,1000,750,0.0,0.0,,,,,0,,,,,2008-04-30,,
375,Hex Nut 5,HN-1024,False,False,,1000,750,0.0,0.0,,,,,0,,,,,2008-04-30,,
376,Hex Nut 6,HN-1032,False,False,,1000,750,0.0,0.0,,,,,0,,,,,2008-04-30,,
377,Hex Nut 16,HN-1213,False,False,,1000,750,0.0,0.0,,,,,0,,,,,2008-04-30,,
378,Hex Nut 17,HN-1220,False,False,,1000,750,0.0,0.0,,,,,0,,,,,2008-04-30,,
379,Hex Nut 7,HN-1224,False,False,,1000,750,0.0,0.0,,,,,0,,,,,2008-04-30,,
380,Hex Nut 8,HN-1420,False,False,,1000,750,0.0,0.0,,,,,0,,,,,2008-04-30,,
381,Hex Nut 9,HN-1428,False,False,,1000,750,0.0,0.0,,,,,0,,,,,2008-04-30,,
382,Hex Nut 22,HN-3410,False,False,,1000,750,0.0,0.0,,,,,0,,,,,2008-04-30,,
383,Hex Nut 23,HN-3416,False,False,,1000,750,0.0,0.0,,,,,0,,,,,2008-04-30,,
384,Hex Nut 12,HN-3816,False,False,,1000,750,0.0,0.0,,,,,0,,,,,2008-04-30,,
385,Hex Nut 13,HN-3824,False,False,,1000,750,0.0,0.0,,,,,0,,,,,2008-04-30,,
386,Hex Nut 1,HN-4402,False,False,,1000,750,0.0,0.0,,,,,0,,,,,2008-04-30,,
387,Hex Nut 10,HN-5161,False,False,,1000,750,0.0,0.0,,,,,0,,,,,2008-04-30,,
388,Hex Nut 11,HN-5162,False,False,,1000,750,0.0,0.0,,,,,0,,,,,2008-04-30,,
389,Hex Nut 2,HN-5400,False,False,,1000,750,0.0,0.0,,,,,0,,,,,2008-04-30,,
390,Hex Nut 20,HN-5811,False,False,,1000,750,0.0,0.0,,,,,0,,,,,2008-04-30,,
391,Hex Nut 21,HN-5818,False,False,,1000,750,0.0,0.0,,,,,0,,,,,2008-04-30,,
392,Hex Nut 3,HN-6320,False,False,,1000,750,0.0,0.0,,,,,0,,,,,2008-04-30,,
393,Hex Nut 14,HN-7161,False,False,,1000,750,0.0,0.0,,,,,0,,,,,2008-04-30,,
394,Hex Nut 15,HN-7162,False,False,,1000,750,0.0,0.0,,,,,0,,,,,2008-04-30,,
395,Hex Nut 4,HN-8320,False,False,,1000,750,0.0,0.0,,,,,0,,,,,2008-04-30,,
396,Hex Nut 18,HN-9161,False,False,,1000,750,0.0,0.0,,,,,0,,,,,2008-04-30,,
397,Hex Nut 19,HN-9168,False,False,,1000,750,0.0,0.0,,,,,0,,,,,2008-04-30,,
398,Handlebar Tube,HT-2981,True,False,,800,600,0.0,0.0,,,,,1,,,,,2008-04-30,,
399,Head Tube,HT-8019,True,False,,800,600,0.0,0.0,,,,,1,,,,,2008-04-30,,
400,LL Hub,HU-6280,True,False,,500,375,0.0,0.0,,,,,1,,L ,,,2008-04-30,,
401,HL Hub,HU-8998,True,False,,500,375,0.0,0.0,,,,,1,,,,,2008-04-30,,
402,Keyed Washer,KW-4091,False,False,,1000,750,0.0,0.0,,,,,0,,,,,2008-04-30,,
403,External Lock Washer 3,LE-1000,False,False,,1000,750,0.0,0.0,,,,,0,,,,,2008-04-30,,
404,External Lock Washer 4,LE-1200,False,False,,1000,750,0.0,0.0,,,,,0,,,,,2008-04-30,,
405,External Lock Washer 9,LE-1201,False,False,,1000,750,0.0,0.0,,,,,0,,,,,2008-04-30,,
406,External Lock Washer 5,LE-1400,False,False,,1000,750,0.0,0.0,,,,,0,,,,,2008-04-30,,
407,External Lock Washer 7,LE-3800,False,False,,1000,750,0.0,0.0,,,,,0,,,,,2008-04-30,,
408,External Lock Washer 6,LE-5160,False,False,,1000,750,0.0,0.0,,,,,0,,,,,2008-04-30,,
409,External Lock Washer 1,LE-6000,False,False,,1000,750,0.0,0.0,,,,,0,,,,,2008-04-30,,
410,External Lock Washer 8,LE-7160,False,False,,1000,750,0.0,0.0,,,,,0,,,,,2008-04-30,,
411,External Lock Washer 2,LE-8000,False,False,,1000,750,0.0,0.0,,,,,0,,,,,2008-04-30,,
412,Internal Lock Washer 3,LI-1000,False,False,,1000,750,0.0,0.0,,,,,0,,,,,2008-04-30,,
413,Internal Lock Washer 4,LI-1200,False,False,,1000,750,0.0,0.0,,,,,0,,,,,2008-04-30,,
414,Internal Lock Washer 9,LI-1201,False,False,,1000,750,0.0,0.0,,,,,0,,,,,2008-04-30,,
415,Internal Lock Washer 5,LI-1400,False,False,,1000,750,0.0,0.0,,,,,0,,,,,2008-04-30,,
416,Internal Lock Washer 7,LI-3800,False,False,,1000,750,0.0,0.0,,,,,0,,,,,2008-04-30,,
417,Internal Lock Washer 6,LI-5160,False,False,,1000,750,0.0,0.0,,,,,0,,,,,2008-04-30,,
418,Internal Lock Washer 10,LI-5800,False,False,,1000,750,0.0,0.0,,,,,0,,,,,2008-04-30,,
419,Internal Lock Washer 1,LI-6000,False,False,,1000,750,0.0,0.0,,,,,0,,,,,2008-04-30,,
420,Internal Lock Washer 8,LI-7160,False,False,,1000,750,0.0,0.0,,,,,0,,,,,2008-04-30,,
421,Internal Lock Washer 2,LI-8000,False,False,,1000,750,0.0,0.0,,,,,0,,,,,2008-04-30,,
422,Thin-Jam Lock Nut 9,LJ-1213,False,False,,1000,750,0.0,0.0,,,,,0,,,,,2008-04-30,,
423,Thin-Jam Lock Nut 10,LJ-1220,False,False,,1000,750,0.0,0.0,,,,,0,,,,,2008-04-30,,
424,Thin-Jam Lock Nut 1,LJ-1420,False,False,,1000,750,0.0,0.0,,,,,0,,,,,2008-04-30,,
425,Thin-Jam Lock Nut 2,LJ-1428,False,False,,1000,750,0.0,0.0,,,,,0,,,,,2008-04-30,,
426,Thin-Jam Lock Nut 15,LJ-3410,False,False,,1000,750,0.0,0.0,,,,,0,,,,,2008-04-30,,
427,Thin-Jam Lock Nut 16,LJ-3416,False,False,,1000,750,0.0,0.0,,,,,0,,,,,2008-04-30,,
428,Thin-Jam Lock Nut 5,LJ-3816,False,False,,1000,750,0.0,0.0,,,,,0,,,,,2008-04-30,,
429,Thin-Jam Lock Nut 6,LJ-3824,False,False,,1000,750,0.0,0.0,,,,,0,,,,,2008-04-30,,
430,Thin-Jam Lock Nut 3,LJ-5161,False,False,,1000,750,0.0,0.0,,,,,0,,,,,2008-04-30,,
431,Thin-Jam Lock Nut 4,LJ-5162,False,False,,1000,750,0.0,0.0,,,,,0,,,,,2008-04-30,,
432,Thin-Jam Lock Nut 13,LJ-5811,False,False,,1000,750,0.0,0.0,,,,,0,,,,,2008-04-30,,
433,Thin-Jam Lock Nut 14,LJ-5818,False,False,,1000,750,0.0,0.0,,,,,0,,,,,2008-04-30,,
434,Thin-Jam Lock Nut 7,LJ-7161,False,False,,1000,750,0.0,0.0,,,,,0,,,,,2008-04-30,,
435,Thin-Jam Lock Nut 8,LJ-7162,False,False,,1000,750,0.0,0.0,,,,,0,,,,,2008-04-30,,
436,Thin-Jam Lock Nut 12,LJ-9080,False,False,,1000,750,0.0,0.0,,,,,0,,,,,2008-04-30,,
437,Thin-Jam Lock Nut 11,LJ-9161,False,False,,1000,750,0.0,0.0,,,,,0,,,,,2008-04-30,,
438,Lock Nut 5,LN-1024,False,False,,1000,750,0.0,0.0,,,,,0,,,,,2008-04-30,,
439,Lock Nut 6,LN-1032,False,False,,1000,750,0.0,0.0,,,,,0,,,,,2008-04-30,,
440,Lock Nut 16,LN-1213,False,False,,1000,750,0.0,0.0,,,,,0,,,,,2008-04-30,,
441,Lock Nut 17,LN-1220,False,False,,1000,750,0.0,0.0,,,,,0,,,,,2008-04-30,,
442,Lock Nut 7,LN-1224,False,False,,1000,750,0.0,0.0,,,,,0,,,,,2008-04-30,,
443,Lock Nut 8,LN-1420,False,False,,1000,750,0.0,0.0,,,,,0,,,,,2008-04-30,,
444,Lock Nut 9,LN-1428,False,False,,1000,750,0.0,0.0,,,,,0,,,,,2008-04-30,,
445,Lock Nut 22,LN-3410,False,False,,1000,750,0.0,0.0,,,,,0,,,,,2008-04-30,,
446,Lock Nut 23,LN-3416,False,False,,1000,750,0.0,0.0,,,,,0,,,,,2008-04-30,,
447,Lock Nut 12,LN-3816,False,False,,1000,750,0.0,0.0,,,,,0,,,,,2008-04-30,,
448,Lock Nut 13,LN-3824,False,False,,1000,750,0.0,0.0,,,,,0,,,,,2008-04-30,,
449,Lock Nut 1,LN-4400,False,False,,1000,750,0.0,0.0,,,,,0,,,,,2008-04-30,,
450,Lock Nut 10,LN-5161,False,False,,1000,750,0.0,0.0,,,,,0,,,,,2008-04-30,,
451,Lock Nut 11,LN-5162,False,False,,1000,750,0.0,0.0,,,,,0,,,,,2008-04-30,,
452,Lock Nut 2,LN-5400,False,False,,1000,750,0.0,0.0,,,,,0,,,,,2008-04-30,,
453,Lock Nut 20,LN-5811,False,False,,1000,750,0.0,0.0,,,,,0,,,,,2008-04-30,,
454,Lock Nut 21,LN-5818,False,False,,1000,750,0.0,0.0,,,,,0,,,,,2008-04-30,,
455,Lock Nut 3,LN-6320,False,False,,1000,750,0.0,0.0,,,,,0,,,,,2008-04-30,,
456,Lock Nut 14,LN-7161,False,False,,1000,750,0.0,0.0,,,,,0,,,,,2008-04-30,,
457,Lock Nut 15,LN-7162,False,False,,1000,750,0.0,0.0,,,,,0,,,,,2008-04-30,,
458,Lock Nut 4,LN-8320,False,False,,1000,750,0.0,0.0,,,,,0,,,,,2008-04-30,,
459,Lock Nut 19,LN-9080,False,False,,1000,750,0.0,0.0,,,,,0,,,,,2008-04-30,,
460,Lock Nut 18,LN-9161,False,False,,1000,750,0.0,0.0,,,,,0,,,,,2008-04-30,,
461,Lock Ring,LR-2398,False,False,Silver,1000,750,0.0,0.0,,,,,0,,,,,2008-04-30,,
462,Lower Head Race,LR-8520,False,False,,1000,750,0.0,0.0,,,,,0,,,,,2008-04-30,,
463,Lock Washer 4,LW-1000,False,False,,1000,750,0.0,0.0,,,,,0,,,,,2008-04-30,,
464,Lock Washer 5,LW-1200,False,False,,1000,750,0.0,0.0,,,,,0,,,,,2008-04-30,,
465,Lock Washer 10,LW-1201,False,False,,1000,750,0.0,0.0,,,,,0,,,,,2008-04-30,,
466,Lock Washer 6,LW-1400,False,False,,1000,750,0.0,0.0,,,,,0,,,,,2008-04-30,,
467,Lock Washer 13,LW-3400,False,False,,1000,750,0.0,0.0,,,,,0,,,,,2008-04-30,,
468,Lock Washer 8,LW-3800,False,False,,1000,750,0.0,0.0,,,,,0,,,,,2008-04-30,,
469,Lock Washer 1,LW-4000,False,False,,1000,750,0.0,0.0,,,,,0,,,,,2008-04-30,,
470,Lock Washer 7,LW-5160,False,False,,1000,750,0.0,0.0,,,,,0,,,,,2008-04-30,,
471,Lock Washer 12,LW-5800,False,False,,1000,750,0.0,0.0,,,,,0,,,,,2008-04-30,,
472,Lock Washer 2,LW-6000,False,False,,1000,750,0.0,0.0,,,,,0,,,,,2008-04-30,,
473,Lock Washer 9,LW-7160,False,False,,1000,750,0.0,0.0,,,,,0,,,,,2008-04-30,,
474,Lock Washer 3,LW-8000,False,False,,1000,750,0.0,0.0,,,,,0,,,,,2008-04-30,,
475,Lock Washer 11,LW-9160,False,False,,1000,750,0.0,0.0,,,,,0,,,,,2008-04-30,,
476,Metal Angle,MA-7075,False,False,,1000,750,0.0,0.0,,,,,0,,,,,2008-04-30,,
477,Metal Bar 1,MB-2024,False,False,,1000,750,0.0,0.0,,,,,0,,,,,2008-04-30,,
478,Metal Bar 2,MB-6061,False,False,,1000,750,0.0,0.0,,,,,0,,,,,2008-04-30,,
479,Metal Plate 2,MP-2066,False,False,,1000,750,0.0,0.0,,,,,0,,,,,2008-04-30,,
480,Metal Plate 1,MP-2503,False,False,,1000,750,0.0,0.0,,,,,0,,,,,2008-04-30,,
481,Metal Plate 3,MP-4960,False,False,,1000,750,0.0,0.0,,,,,0,,,,,2008-04-30,,
482,Metal Sheet 2,MS-0253,False,False,,1000,750,0.0,0.0,,,,,0,,,,,2008-04-30,,
483,Metal Sheet 3,MS-1256,False,False,,1000,750,0.0,0.0,,,,,0,,,,,2008-04-30,,
484,Metal Sheet 7,MS-1981,False,False,,1000,750,0.0,0.0,,,,,0,,,,,2008-04-30,,
485,Metal Sheet 4,MS-2259,False,False,,1000,750,0.0,0.0,,,,,0,,,,,2008-04-30,,
486,Metal Sheet 5,MS-2341,False,False,,1000,750,0.0,0.0,,,,,0,,,,,2008-04-30,,
487,Metal Sheet 6,MS-2348,False,False,,1000,750,0.0,0.0,,,,,0,,,,,2008-04-30,,
488,Metal Sheet 1,MS-6061,False,False,,1000,750,0.0,0.0,,,,,0,,,,,2008-04-30,,
489,Metal Tread Plate,MT-1000,False,False,,1000,750,0.0,0.0,,,,,0,,,,,2008-04-30,,
490,LL Nipple,NI-4127,False,False,,1000,750,0.0,0.0,,,,,0,,L ,,,2008-04-30,,
491,HL Nipple,NI-9522,False,False,,1000,750,0.0,0.0,,,,,0,,,,,2008-04-30,,
492,Paint - Black,PA-187B,False,False,,60,45,0.0,0.0,,,,,0,,,,,2008-04-30,,
493,Paint - Red,PA-361R,False,False,,60,45,0.0,0.0,,,,,0,,,,,2008-04-30,,
494,Paint - Silver,PA-529S,False,False,,60,45,0.0,0.0,,,,,0,,,,,2008-04-30,,
495,Paint - Blue,PA-632U,False,False,,60,45,0.0,0.0,,,,,0,,,,,2008-04-30,,
496,Paint - Yellow,PA-823Y,False,False,,60,45,0.0,0.0,,,,,0,,,,,2008-04-30,,
497,Pinch Bolt,PB-6109,False,False,,1000,750,0.0,0.0,,,,,0,,,,,2008-04-30,,
504,Cup-Shaped Race,RA-2345,False,False,,1000,750,0.0,0.0,,,,,0,,,,,2008-04-30,,
505,Cone-Shaped Race,RA-7490,False,False,,1000,750,0.0,0.0,,,,,0,,,,,2008-04-30,,
506,Reflector,RF-9198,False,False,,1000,750,0.0,0.0,,,,,0,,,,,2008-04-30,,
507,LL Mountain Rim,RM-M464,False,False,,800,600,0.0,0.0,,,435.0,G  ,0,,L ,,,2008-04-30,,
508,ML Mountain Rim,RM-M692,False,False,,800,600,0.0,0.0,,,450.0,G  ,0,,M ,,,2008-04-30,,
509,HL Mountain Rim,RM-M823,False,False,,800,600,0.0,0.0,,,400.0,G  ,0,,,,,2008-04-30,,
510,LL Road Rim,RM-R436,False,False,,800,600,0.0,0.0,,,445.0,G  ,0,,L ,,,2008-04-30,,
511,ML Road Rim,RM-R600,False,False,,800,600,0.0,0.0,,,450.0,G  ,0,,M ,,,2008-04-30,,
512,HL Road Rim,RM-R800,False,False,,800,600,0.0,0.0,,,400.0,G  ,0,,,,,2008-04-30,,
513,Touring Rim,RM-T801,False,False,,800,600,0.0,0.0,,,460.0,G  ,0,,,,,2008-04-30,,
514,LL Mountain Seat Assembly,SA-M198,True,False,,500,375,98.77,133.34,,,,,1,,L ,,,2008-04-30,,
515,ML Mountain Seat Assembly,SA-M237,True,False,,500,375,108.99,147.14,,,,,1,,M ,,,2008-04-30,,
516,HL Mountain Seat Assembly,SA-M687,True,False,,500,375,145.87,196.92,,,,,1,,,,,2008-04-30,,
517,LL Road Seat Assembly,SA-R127,True,False,,500,375,98.77,133.34,,,,,1,,L ,,,2008-04-30,,
518,ML Road Seat Assembly,SA-R430,True,False,,500,375,108.99,147.14,,,,,1,,M ,,,2008-04-30,,
519,HL Road Seat Assembly,SA-R522,True,False,,500,375,145.87,196.92,,,,,1,,,,,2008-04-30,,
520,LL Touring Seat Assembly,SA-T467,True,False,,500,375,98.77,133.34,,,,,1,,L ,,,2008-04-30,,
521,ML Touring Seat Assembly,SA-T612,True,False,,500,375,108.99,147.14,,,,,1,,M ,,,2008-04-30,,
522,HL Touring Seat Assembly,SA-T872,True,False,,500,375,145.87,196.92,,,,,1,,,,,2008-04-30,,
523,LL Spindle/Axle,SD-2342,False,False,,500,375,0.0,0.0,,,,,0,,L ,,,2008-04-30,,
524,HL Spindle/Axle,SD-9872,False,False,,500,375,0.0,0.0,,,,,0,,,,,2008-04-30,,
525,LL Shell,SH-4562,False,False,,800,600,0.0,0.0,,,,,0,,L ,,,2008-04-30,,
526,HL Shell,SH-9312,False,False,,800,600,0.0,0.0,,,,,0,,,,,2008-04-30,,
527,Spokes,SK-9283,False,False,,1000,750,0.0,0.0,,,,,0,,,,,2008-04-30,,
528,Seat Lug,SL-0931,False,False,,1000,750,0.0,0.0,,,,,0,,,,,2008-04-30,,
529,Stem,SM-9087,True,False,,500,375,0.0,0.0,,,,,1,,,,,2008-04-30,,
530,Seat Post,SP-2981,False,False,,500,375,0.0,0.0,,,,,0,,,,,2008-04-30,,
531,Steerer,SR-2098,True,False,,500,375,0.0,0.0,,,,,1,,,,,2008-04-30,,
532,Seat Stays,SS-2985,True,False,,800,600,0.0,0.0,,,,,1,,,,,2008-04-30,,
533,Seat Tube,ST-9828,True,False,,500,375,0.0,0.0,,,,,1,,,,,2008-04-30,,
534,Top Tube,TO-2301,True,False,,500,375,0.0,0.0,,,,,1,,,,,2008-04-30,,
535,Tension Pulley,TP-0923,False,False,,800,600,0.0,0.0,,,,,0,,,,,2008-04-30,,
679,Rear Derailleur Cage,RC-0291,False,False,Silver,500,375,0.0,0.0,,,,,0,,,,,2008-04-30,,
680,"HL Road Frame - Black, 58",FR-R92B-58,True,True,Black,500,375,1059.31,1431.5,58,CM ,2.24,LB ,1,R ,H ,U ,14.0,2008-04-30,,
706,"HL Road Frame - Red, 58",FR-R92R-58,True,True,Red,500,375,1059.31,1431.5,58,CM ,2.24,LB ,1,R ,H ,U ,14.0,2008-04-30,,
707,"Sport-100 Helmet, Red",HL-U509-R,False,True,Red,4,3,13.0863,34.99,,,,,0,S ,,,31.0,2011-05-31,,
708,"Sport-100 Helmet, Black",HL-U509,False,True,Black,4,3,13.0863,34.99,,,,,0,S ,,,31.0,2011-05-31,,
709,"Mountain Bike Socks, M",SO-B909-M,False,True,White,4,3,3.3963,9.5,M,,,,0,M ,,U ,23.0,2011-05-31,2012-05-29,
710,"Mountain Bike Socks, L",SO-B909-L,False,True,White,4,3,3.3963,9.5,L,,,,0,M ,,U ,23.0,2011-05-31,2012-05-29,
711,"Sport-100 Helmet, Blue",HL-U509-B,False,True,Blue,4,3,13.0863,34.99,,,,,0,S ,,,31.0,2011-05-31,,
712,AWC Logo Cap,CA-1098,False,True,Multi,4,3,6.9223,8.99,,,,,0,S ,,U ,19.0,2011-05-31,,
713,"Long-Sleeve Logo Jersey, S",LJ-0192-S,False,True,Multi,4,3,38.4923,49.99,S,,,,0,S ,,U ,21.0,2011-05-31,,
714,"Long-Sleeve Logo Jersey, M",LJ-0192-M,False,True,Multi,4,3,38.4923,49.99,M,,,,0,S ,,U ,21.0,2011-05-31,,
715,"Long-Sleeve Logo Jersey, L",LJ-0192-L,False,True,Multi,4,3,38.4923,49.99,L,,,,0,S ,,U ,21.0,2011-05-31,,
716,"Long-Sleeve Logo Jersey, XL",LJ-0192-X,False,True,Multi,4,3,38.4923,49.99,XL,,,,0,S ,,U ,21.0,2011-05-31,,
717,"HL Road Frame - Red, 62",FR-R92R-62,True,True,Red,500,375,868.6342,1431.5,62,CM ,2.3,LB ,1,R ,H ,U ,14.0,2011-05-31,,
718,"HL Road Frame - Red, 44",FR-R92R-44,True,True,Red,500,375,868.6342,1431.5,44,CM ,2.12,LB ,1,R ,H ,U ,14.0,2011-05-31,,
719,"HL Road Frame - Red, 48",FR-R92R-48,True,True,Red,500,375,868.6342,1431.5,48,CM ,2.16,LB ,1,R ,H ,U ,14.0,2011-05-31,,
720,"HL Road Frame - Red, 52",FR-R92R-52,True,True,Red,500,375,868.6342,1431.5,52,CM ,2.2,LB ,1,R ,H ,U ,14.0,2011-05-31,,
721,"HL Road Frame - Red, 56",FR-R92R-56,True,True,Red,500,375,868.6342,1431.5,56,CM ,2.24,LB ,1,R ,H ,U ,14.0,2011-05-31,,
722,"LL Road Frame - Black, 58",FR-R38B-58,True,True,Black,500,375,204.6251,337.22,58,CM ,2.46,LB ,1,R ,L ,U ,14.0,2011-05-31,,
723,"LL Road Frame - Black, 60",FR-R38B-60,True,True,Black,500,375,204.6251,337.22,60,CM ,2.48,LB ,1,R ,L ,U ,14.0,2011-05-31,,
724,"LL Road Frame - Black, 62",FR-R38B-62,True,True,Black,500,375,204.6251,337.22,62,CM ,2.5,LB ,1,R ,L ,U ,14.0,2011-05-31,,
725,"LL Road Frame - Red, 44",FR-R38R-44,True,True,Red,500,375,187.1571,337.22,44,CM ,2.32,LB ,1,R ,L ,U ,14.0,2011-05-31,2013-05-29,
726,"LL Road Frame - Red, 48",FR-R38R-48,True,True,Red,500,375,187.1571,337.22,48,CM ,2.36,LB ,1,R ,L ,U ,14.0,2011-05-31,2013-05-29,
727,"LL Road Frame - Red, 52",FR-R38R-52,True,True,Red,500,375,187.1571,337.22,52,CM ,2.4,LB ,1,R ,L ,U ,14.0,2011-05-31,2013-05-29,
728,"LL Road Frame - Red, 58",FR-R38R-58,True,True,Red,500,375,187.1571,337.22,58,CM ,2.46,LB ,1,R ,L ,U ,14.0,2011-05-31,2013-05-29,
729,"LL Road Frame - Red, 60",FR-R38R-60,True,True,Red,500,375,187.1571,337.22,60,CM ,2.48,LB ,1,R ,L ,U ,14.0,2011-05-31,2013-05-29,
730,"LL Road Frame - Red, 62",FR-R38R-62,True,True,Red,500,375,187.1571,337.22,62,CM ,2.5,LB ,1,R ,L ,U ,14.0,2011-05-31,2013-05-29,
731,"ML Road Frame - Red, 44",FR-R72R-44,True,True,Red,500,375,352.1394,594.83,44,CM ,2.22,LB ,1,R ,M ,U ,14.0,2011-05-31,2012-05-29,
732,"ML Road Frame - Red, 48",FR-R72R-48,True,True,Red,500,375,352.1394,594.83,48,CM ,2.26,LB ,1,R ,M ,U ,14.0,2011-05-31,2012-05-29,
733,"ML Road Frame - Red, 52",FR-R72R-52,True,True,Red,500,375,352.1394,594.83,52,CM ,2.3,LB ,1,R ,M ,U ,14.0,2011-05-31,2012-05-29,
734,"ML Road Frame - Red, 58",FR-R72R-58,True,True,Red,500,375,352.1394,594.83,58,CM ,2.36,LB ,1,R ,M ,U ,14.0,2011-05-31,2012-05-29,
735,"ML Road Frame - Red, 60",FR-R72R-60,True,True,Red,500,375,352.1394,594.83,60,CM ,2.38,LB ,1,R ,M ,U ,14.0,2011-05-31,2012-05-29,
736,"LL Road Frame - Black, 44",FR-R38B-44,True,True,Black,500,375,204.6251,337.22,44,CM ,2.32,LB ,1,R ,L ,U ,14.0,2011-05-31,,
737,"LL Road Frame - Black, 48",FR-R38B-48,True,True,Black,500,375,204.6251,337.22,48,CM ,2.36,LB ,1,R ,L ,U ,14.0,2011-05-31,,
738,"LL Road Frame - Black, 52",FR-R38B-52,True,True,Black,500,375,204.6251,337.22,52,CM ,2.4,LB ,1,R ,L ,U ,14.0,2011-05-31,,
739,"HL Mountain Frame - Silver, 42",FR-M94S-42,True,True,Silver,500,375,747.2002,1364.5,42,CM ,2.72,LB ,1,M ,H ,U ,12.0,2011-05-31,,
740,"HL Mountain Frame - Silver, 44",FR-M94S-44,True,True,Silver,500,375,706.811,1364.5,44,CM ,2.76,LB ,1,M ,H ,U ,12.0,2011-05-31,2012-05-29,
741,"HL Mountain Frame - Silver, 48",FR-M94S-52,True,True,Silver,500,375,706.811,1364.5,48,CM ,2.8,LB ,1,M ,H ,U ,12.0,2011-05-31,2012-05-29,
742,"HL Mountain Frame - Silver, 46",FR-M94S-46,True,True,Silver,500,375,747.2002,1364.5,46,CM ,2.84,LB ,1,M ,H ,U ,12.0,2011-05-31,,
743,"HL Mountain Frame - Black, 42",FR-M94B-42,True,True,Black,500,375,739.041,1349.6,42,CM ,2.72,LB ,1,M ,H ,U ,12.0,2011-05-31,,
744,"HL Mountain Frame - Black, 44",FR-M94B-44,True,True,Black,500,375,699.0928,1349.6,44,CM ,2.76,LB ,1,M ,H ,U ,12.0,2011-05-31,2012-05-29,
745,"HL Mountain Frame - Black, 48",FR-M94B-48,True,True,Black,500,375,699.0928,1349.6,48,CM ,2.8,LB ,1,M ,H ,U ,12.0,2011-05-31,2012-05-29,
746,"HL Mountain Frame - Black, 46",FR-M94B-46,True,True,Black,500,375,739.041,1349.6,46,CM ,2.84,LB ,1,M ,H ,U ,12.0,2011-05-31,,
747,"HL Mountain Frame - Black, 38",FR-M94B-38,True,True,Black,500,375,739.041,1349.6,38,CM ,2.68,LB ,2,M ,H ,U ,12.0,2011-05-31,,
748,"HL Mountain Frame - Silver, 38",FR-M94S-38,True,True,Silver,500,375,747.2002,1364.5,38,CM ,2.68,LB ,2,M ,H ,U ,12.0,2011-05-31,,
749,"Road-150 Red, 62",BK-R93R-62,True,True,Red,100,75,2171.2942,3578.27,62,CM ,15.0,LB ,4,R ,H ,U ,2.0,2011-05-31,2012-05-29,
750,"Road-150 Red, 44",BK-R93R-44,True,True,Red,100,75,2171.2942,3578.27,44,CM ,13.77,LB ,4,R ,H ,U ,2.0,2011-05-31,2012-05-29,
751,"Road-150 Red, 48",BK-R93R-48,True,True,Red,100,75,2171.2942,3578.27,48,CM ,14.13,LB ,4,R ,H ,U ,2.0,2011-05-31,2012-05-29,
752,"Road-150 Red, 52",BK-R93R-52,True,True,Red,100,75,2171.2942,3578.27,52,CM ,14.42,LB ,4,R ,H ,U ,2.0,2011-05-31,2012-05-29,
753,"Road-150 Red, 56",BK-R93R-56,True,True,Red,100,75,2171.2942,3578.27,56,CM ,14.68,LB ,4,R ,H ,U ,2.0,2011-05-31,2012-05-29,
754,"Road-450 Red, 58",BK-R68R-58,True,True,Red,100,75,884.7083,1457.99,58,CM ,17.79,LB ,4,R ,M ,U ,2.0,2011-05-31,2012-05-29,
755,"Road-450 Red, 60",BK-R68R-60,True,True,Red,100,75,884.7083,1457.99,60,CM ,17.9,LB ,4,R ,M ,U ,2.0,2011-05-31,2012-05-29,
756,"Road-450 Red, 44",BK-R68R-44,True,True,Red,100,75,884.7083,1457.99,44,CM ,16.77,LB ,4,R ,M ,U ,2.0,2011-05-31,2012-05-29,
757,"Road-450 Red, 48",BK-R68R-48,True,True,Red,100,75,884.7083,1457.99,48,CM ,17.13,LB ,4,R ,M ,U ,2.0,2011-05-31,2012-05-29,
758,"Road-450 Red, 52",BK-R68R-52,True,True,Red,100,75,884.7083,1457.99,52,CM ,17.42,LB ,4,R ,M ,U ,2.0,2011-05-31,2012-05-29,
759,"Road-650 Red, 58",BK-R50R-58,True,True,Red,100,75,486.7066,782.99,58,CM ,19.79,LB ,4,R ,L ,U ,2.0,2011-05-31,2013-05-29,
760,"Road-650 Red, 60",BK-R50R-60,True,True,Red,100,75,486.7066,782.99,60,CM ,19.9,LB ,4,R ,L ,U ,2.0,2011-05-31,2013-05-29,
761,"Road-650 Red, 62",BK-R50R-62,True,True,Red,100,75,486.7066,782.99,62,CM ,20.0,LB ,4,R ,L ,U ,2.0,2011-05-31,2013-05-29,
762,"Road-650 Red, 44",BK-R50R-44,True,True,Red,100,75,486.7066,782.99,44,CM ,18.77,LB ,4,R ,L ,U ,2.0,2011-05-31,2013-05-29,
763,"Road-650 Red, 48",BK-R50R-48,True,True,Red,100,75,486.7066,782.99,48,CM ,19.13,LB ,4,R ,L ,U ,2.0,2011-05-31,2013-05-29,
764,"Road-650 Red, 52",BK-R50R-52,True,True,Red,100,75,486.7066,782.99,52,CM ,19.42,LB ,4,R ,L ,U ,2.0,2011-05-31,2013-05-29,
765,"Road-650 Black, 58",BK-R50B-58,True,True,Black,100,75,486.7066,782.99,58,CM ,19.79,LB ,4,R ,L ,U ,2.0,2011-05-31,2013-05-29,
766,"Road-650 Black, 60",BK-R50B-60,True,True,Black,100,75,486.7066,782.99,60,CM ,19.9,LB ,4,R ,L ,U ,2.0,2011-05-31,2013-05-29,
767,"Road-650 Black, 62",BK-R50B-62,True,True,Black,100,75,486.7066,782.99,62,CM ,20.0,LB ,4,R ,L ,U ,2.0,2011-05-31,2013-05-29,
768,"Road-650 Black, 44",BK-R50B-44,True,True,Black,100,75,486.7066,782.99,44,CM ,18.77,LB ,4,R ,L ,U ,2.0,2011-05-31,2013-05-29,
769,"Road-650 Black, 48",BK-R50B-48,True,True,Black,100,75,486.7066,782.99,48,CM ,19.13,LB ,4,R ,L ,U ,2.0,2011-05-31,2013-05-29,
770,"Road-650 Black, 52",BK-R50B-52,True,True,Black,100,75,486.7066,782.99,52,CM ,19.42,LB ,4,R ,L ,U ,2.0,2011-05-31,2013-05-29,
771,"Mountain-100 Silver, 38",BK-M82S-38,True,True,Silver,100,75,1912.1544,3399.99,38,CM ,20.35,LB ,4,M ,H ,U ,1.0,2011-05-31,2012-05-29,
772,"Mountain-100 Silver, 42",BK-M82S-42,True,True,Silver,100,75,1912.1544,3399.99,42,CM ,20.77,LB ,4,M ,H ,U ,1.0,2011-05-31,2012-05-29,
773,"Mountain-100 Silver, 44",BK-M82S-44,True,True,Silver,100,75,1912.1544,3399.99,44,CM ,21.13,LB ,4,M ,H ,U ,1.0,2011-05-31,2012-05-29,
774,"Mountain-100 Silver, 48",BK-M82S-48,True,True,Silver,100,75,1912.1544,3399.99,48,CM ,21.42,LB ,4,M ,H ,U ,1.0,2011-05-31,2012-05-29,
775,"Mountain-100 Black, 38",BK-M82B-38,True,True,Black,100,75,1898.0944,3374.99,38,CM ,20.35,LB ,4,M ,H ,U ,1.0,2011-05-31,2012-05-29,
776,"Mountain-100 Black, 42",BK-M82B-42,True,True,Black,100,75,1898.0944,3374.99,42,CM ,20.77,LB ,4,M ,H ,U ,1.0,2011-05-31,2012-05-29,
777,"Mountain-100 Black, 44",BK-M82B-44,True,True,Black,100,75,1898.0944,3374.99,44,CM ,21.13,LB ,4,M ,H ,U ,1.0,2011-05-31,2012-05-29,
778,"Mountain-100 Black, 48",BK-M82B-48,True,True,Black,100,75,1898.0944,3374.99,48,CM ,21.42,LB ,4,M ,H ,U ,1.0,2011-05-31,2012-05-29,
779,"Mountain-200 Silver, 38",BK-M68S-38,True,True,Silver,100,75,1265.6195,2319.99,38,CM ,23.35,LB ,4,M ,H ,U ,1.0,2012-05-30,,
780,"Mountain-200 Silver, 42",BK-M68S-42,True,True,Silver,100,75,1265.6195,2319.99,42,CM ,23.77,LB ,4,M ,H ,U ,1.0,2012-05-30,,
781,"Mountain-200 Silver, 46",BK-M68S-46,True,True,Silver,100,75,1265.6195,2319.99,46,CM ,24.13,LB ,4,M ,H ,U ,1.0,2012-05-30,,
782,"Mountain-200 Black, 38",BK-M68B-38,True,True,Black,100,75,1251.9813,2294.99,38,CM ,23.35,LB ,4,M ,H ,U ,1.0,2012-05-30,,
783,"Mountain-200 Black, 42",BK-M68B-42,True,True,Black,100,75,1251.9813,2294.99,42,CM ,23.77,LB ,4,M ,H ,U ,1.0,2012-05-30,,
784,"Mountain-200 Black, 46",BK-M68B-46,True,True,Black,100,75,1251.9813,2294.99,46,CM ,24.13,LB ,4,M ,H ,U ,1.0,2012-05-30,,
785,"Mountain-300 Black, 38",BK-M47B-38,True,True,Black,100,75,598.4354,1079.99,38,CM ,25.35,LB ,4,M ,M ,U ,1.0,2012-05-30,2013-05-29,
786,"Mountain-300 Black, 40",BK-M47B-40,True,True,Black,100,75,598.4354,1079.99,40,CM ,25.77,LB ,4,M ,M ,U ,1.0,2012-05-30,2013-05-29,
787,"Mountain-300 Black, 44",BK-M47B-44,True,True,Black,100,75,598.4354,1079.99,44,CM ,26.13,LB ,4,M ,M ,U ,1.0,2012-05-30,2013-05-29,
788,"Mountain-300 Black, 48",BK-M47B-48,True,True,Black,100,75,598.4354,1079.99,48,CM ,26.42,LB ,4,M ,M ,U ,1.0,2012-05-30,2013-05-29,
789,"Road-250 Red, 44",BK-R89R-44,True,True,Red,100,75,1518.7864,2443.35,44,CM ,14.77,LB ,4,R ,H ,U ,2.0,2012-05-30,2013-05-29,
790,"Road-250 Red, 48",BK-R89R-48,True,True,Red,100,75,1518.7864,2443.35,48,CM ,15.13,LB ,4,R ,H ,U ,2.0,2012-05-30,2013-05-29,
791,"Road-250 Red, 52",BK-R89R-52,True,True,Red,100,75,1518.7864,2443.35,52,CM ,15.42,LB ,4,R ,H ,U ,2.0,2012-05-30,2013-05-29,
792,"Road-250 Red, 58",BK-R89R-58,True,True,Red,100,75,1554.9479,2443.35,58,CM ,15.79,LB ,4,R ,H ,U ,2.0,2012-05-30,,
793,"Road-250 Black, 44",BK-R89B-44,True,True,Black,100,75,1554.9479,2443.35,44,CM ,14.77,LB ,4,R ,H ,U ,2.0,2012-05-30,,
794,"Road-250 Black, 48",BK-R89B-48,True,True,Black,100,75,1554.9479,2443.35,48,CM ,15.13,LB ,4,R ,H ,U ,2.0,2012-05-30,,
795,"Road-250 Black, 52",BK-R89B-52,True,True,Black,100,75,1554.9479,2443.35,52,CM ,15.42,LB ,4,R ,H ,U ,2.0,2012-05-30,,
796,"Road-250 Black, 58",BK-R89B-58,True,True,Black,100,75,1554.9479,2443.35,58,CM ,15.68,LB ,4,R ,H ,U ,2.0,2012-05-30,,
797,"Road-550-W Yellow, 38",BK-R64Y-38,True,True,Yellow,100,75,713.0798,1120.49,38,CM ,17.35,LB ,4,R ,M ,W ,2.0,2012-05-30,,
798,"Road-550-W Yellow, 40",BK-R64Y-40,True,True,Yellow,100,75,713.0798,1120.49,40,CM ,17.77,LB ,4,R ,M ,W ,2.0,2012-05-30,,
799,"Road-550-W Yellow, 42",BK-R64Y-42,True,True,Yellow,100,75,713.0798,1120.49,42,CM ,18.13,LB ,4,R ,M ,W ,2.0,2012-05-30,,
800,"Road-550-W Yellow, 44",BK-R64Y-44,True,True,Yellow,100,75,713.0798,1120.49,44,CM ,18.42,LB ,4,R ,M ,W ,2.0,2012-05-30,,
801,"Road-550-W Yellow, 48",BK-R64Y-48,True,True,Yellow,100,75,713.0798,1120.49,48,CM ,18.68,LB ,4,R ,M ,W ,2.0,2012-05-30,,
802,LL Fork,FK-1639,True,True,,500,375,65.8097,148.22,,,,,1,,L ,,10.0,2012-05-30,2013-05-29,
803,ML Fork,FK-5136,True,True,,500,375,77.9176,175.49,,,,,1,,M ,,10.0,2012-05-30,2013-05-29,
804,HL Fork,FK-9939,True,True,,500,375,101.8936,229.49,,,,,1,,H ,,10.0,2012-05-30,2013-05-29,
805,LL Headset,HS-0296,True,True,,500,375,15.1848,34.2,,,,,1,,L ,,11.0,2012-05-30,2013-05-29,
806,ML Headset,HS-2451,True,True,,500,375,45.4168,102.29,,,,,1,,M ,,11.0,2012-05-30,2013-05-29,
807,HL Headset,HS-3479,True,True,,500,375,55.3801,124.73,,,,,1,,H ,,11.0,2012-05-30,2013-05-29,
808,LL Mountain Handlebars,HB-M243,True,True,,500,375,19.7758,44.54,,,,,1,M ,L ,,4.0,2012-05-30,,
809,ML Mountain Handlebars,HB-M763,True,True,,500,375,27.4925,61.92,,,,,1,M ,M ,,4.0,2012-05-30,,
810,HL Mountain Handlebars,HB-M918,True,True,,500,375,53.3999,120.27,,,,,1,M ,H ,,4.0,2012-05-30,,
811,LL Road Handlebars,HB-R504,True,True,,500,375,19.7758,44.54,,,,,1,R ,L ,,4.0,2012-05-30,,
812,ML Road Handlebars,HB-R720,True,True,,500,375,27.4925,61.92,,,,,1,R ,M ,,4.0,2012-05-30,,
813,HL Road Handlebars,HB-R956,True,True,,500,375,53.3999,120.27,,,,,1,R ,H ,,4.0,2012-05-30,,
814,"ML Mountain Frame - Black, 38",FR-M63B-38,True,True,Black,500,375,185.8193,348.76,38,CM ,2.73,LB ,2,M ,M ,U ,12.0,2012-05-30,2013-05-29,
815,LL Mountain Front Wheel,FW-M423,True,True,Black,500,375,26.9708,60.745,,,,,1,M ,L ,,17.0,2012-05-30,2013-05-29,
816,ML Mountain Front Wheel,FW-M762,True,True,Black,500,375,92.8071,209.025,,,,,1,M ,M ,,17.0,2012-05-30,2013-05-29,
817,HL Mountain Front Wheel,FW-M928,True,True,Black,500,375,133.2955,300.215,,,,,1,M ,H ,,17.0,2012-05-30,2013-05-29,
818,LL Road Front Wheel,FW-R623,True,True,Black,500,375,37.9909,85.565,,,900.0,G  ,1,R ,L ,,17.0,2012-05-30,2013-05-29,
819,ML Road Front Wheel,FW-R762,True,True,Black,500,375,110.2829,248.385,,,850.0,G  ,1,R ,M ,,17.0,2012-05-30,2013-05-29,
820,HL Road Front Wheel,FW-R820,True,True,Black,500,375,146.5466,330.06,,,650.0,G  ,1,R ,H ,,17.0,2012-05-30,2013-05-29,
821,Touring Front Wheel,FW-T905,True,True,Black,500,375,96.7964,218.01,,,,,1,T ,,,17.0,2012-05-30,2013-05-29,
822,"ML Road Frame-W - Yellow, 38",FR-R72Y-38,True,True,Yellow,500,375,360.9428,594.83,38,CM ,2.18,LB ,2,R ,M ,W ,14.0,2012-05-30,,
823,LL Mountain Rear Wheel,RW-M423,True,True,Black,500,375,38.9588,87.745,,,,,1,M ,L ,,17.0,2012-05-30,2013-05-29,
824,ML Mountain Rear Wheel,RW-M762,True,True,Black,500,375,104.7951,236.025,,,,,1,M ,M ,,17.0,2012-05-30,2013-05-29,
825,HL Mountain Rear Wheel,RW-M928,True,True,Black,500,375,145.2835,327.215,,,,,1,M ,H ,,17.0,2012-05-30,2013-05-29,
826,LL Road Rear Wheel,RW-R623,True,True,Black,500,375,49.9789,112.565,,,1050.0,G  ,1,R ,L ,,17.0,2012-05-30,2013-05-29,
827,ML Road Rear Wheel,RW-R762,True,True,Black,500,375,122.2709,275.385,,,1000.0,G  ,1,R ,M ,,17.0,2012-05-30,2013-05-29,
828,HL Road Rear Wheel,RW-R820,True,True,Black,500,375,158.5346,357.06,,,890.0,G  ,1,R ,H ,,17.0,2012-05-30,2013-05-29,
829,Touring Rear Wheel,RW-T905,True,True,Black,500,375,108.7844,245.01,,,,,1,T ,,,17.0,2012-05-30,2013-05-29,
830,"ML Mountain Frame - Black, 40",FR-M63B-40,True,True,Black,500,375,185.8193,348.76,40,CM ,2.77,LB ,1,M ,M ,U ,12.0,2012-05-30,2013-05-29,
831,"ML Mountain Frame - Black, 44",FR-M63B-44,True,True,Black,500,375,185.8193,348.76,44,CM ,2.81,LB ,1,M ,M ,U ,12.0,2012-05-30,2013-05-29,
832,"ML Mountain Frame - Black, 48",FR-M63B-48,True,True,Black,500,375,185.8193,348.76,48,CM ,2.85,LB ,1,M ,M ,U ,12.0,2012-05-30,2013-05-29,
833,"ML Road Frame-W - Yellow, 40",FR-R72Y-40,True,True,Yellow,500,375,360.9428,594.83,40,CM ,2.22,LB ,1,R ,M ,W ,14.0,2012-05-30,,
834,"ML Road Frame-W - Yellow, 42",FR-R72Y-42,True,True,Yellow,500,375,360.9428,594.83,42,CM ,2.26,LB ,1,R ,M ,W ,14.0,2012-05-30,,
835,"ML Road Frame-W - Yellow, 44",FR-R72Y-44,True,True,Yellow,500,375,360.9428,594.83,44,CM ,2.3,LB ,1,R ,M ,W ,14.0,2012-05-30,,
836,"ML Road Frame-W - Yellow, 48",FR-R72Y-48,True,True,Yellow,500,375,360.9428,594.83,48,CM ,2.34,LB ,1,R ,M ,W ,14.0,2012-05-30,,
837,"HL Road Frame - Black, 62",FR-R92B-62,True,True,Black,500,375,868.6342,1431.5,62,CM ,2.3,LB ,1,R ,H ,U ,14.0,2012-05-30,,
838,"HL Road Frame - Black, 44",FR-R92B-44,True,True,Black,500,375,868.6342,1431.5,44,CM ,2.12,LB ,1,R ,H ,U ,14.0,2012-05-30,,
839,"HL Road Frame - Black, 48",FR-R92B-48,True,True,Black,500,375,868.6342,1431.5,48,CM ,2.16,LB ,1,R ,H ,U ,14.0,2012-05-30,,
840,"HL Road Frame - Black, 52",FR-R92B-52,True,True,Black,500,375,868.6342,1431.5,52,CM ,2.2,LB ,1,R ,H ,U ,14.0,2012-05-30,,
841,"Men's Sports Shorts, S",SH-M897-S,False,True,Black,4,3,24.7459,59.99,S,,,,0,S ,,M ,22.0,2012-05-30,2013-05-29,
842,"Touring-Panniers, Large",PA-T100,False,True,Grey,4,3,51.5625,125.0,,,,,0,T ,,,35.0,2012-05-30,2013-05-29,
843,Cable Lock,LO-C100,False,True,,4,3,10.3125,25.0,,,,,0,S ,,,34.0,2012-05-30,2013-05-29,
844,Minipump,PU-0452,False,True,,4,3,8.2459,19.99,,,,,0,S ,,,36.0,2012-05-30,2013-05-29,
845,Mountain Pump,PU-M044,False,True,,4,3,10.3084,24.99,,,,,0,M ,,,36.0,2012-05-30,2013-05-29,
846,Taillights - Battery-Powered,LT-T990,False,True,,4,3,5.7709,13.99,,,,,0,R ,,,33.0,2012-05-30,2013-05-29,
847,Headlights - Dual-Beam,LT-H902,False,True,,4,3,14.4334,34.99,,,,,0,R ,,,33.0,2012-05-30,2013-05-29,
848,Headlights - Weatherproof,LT-H903,False,True,,4,3,18.5584,44.99,,,,,0,R ,,,33.0,2012-05-30,2013-05-29,
849,"Men's Sports Shorts, M",SH-M897-M,False,True,Black,4,3,24.7459,59.99,M,,,,0,S ,,M ,22.0,2012-05-30,2013-05-29,
850,"Men's Sports Shorts, L",SH-M897-L,False,True,Black,4,3,24.7459,59.99,L,,,,0,S ,,M ,22.0,2012-05-30,2013-05-29,
851,"Men's Sports Shorts, XL",SH-M897-X,False,True,Black,4,3,24.7459,59.99,XL,,,,0,S ,,M ,22.0,2012-05-30,2013-05-29,
852,"Women's Tights, S",TG-W091-S,False,True,Black,4,3,30.9334,74.99,S,,,,0,S ,,W ,24.0,2012-05-30,2013-05-29,
853,"Women's Tights, M",TG-W091-M,False,True,Black,4,3,30.9334,74.99,M,,,,0,S ,,W ,24.0,2012-05-30,2013-05-29,
854,"Women's Tights, L",TG-W091-L,False,True,Black,4,3,30.9334,74.99,L,,,,0,S ,,W ,24.0,2012-05-30,2013-05-29,
855,"Men's Bib-Shorts, S",SB-M891-S,False,True,Multi,4,3,37.1209,89.99,S,,,,0,S ,,M ,18.0,2012-05-30,2013-05-29,
856,"Men's Bib-Shorts, M",SB-M891-M,False,True,Multi,4,3,37.1209,89.99,M,,,,0,S ,,M ,18.0,2012-05-30,2013-05-29,
857,"Men's Bib-Shorts, L",SB-M891-L,False,True,Multi,4,3,37.1209,89.99,L,,,,0,S ,,M ,18.0,2012-05-30,2013-05-29,
858,"Half-Finger Gloves, S",GL-H102-S,False,True,Black,4,3,9.1593,24.49,S,,,,0,S ,,U ,20.0,2012-05-30,,
859,"Half-Finger Gloves, M",GL-H102-M,False,True,Black,4,3,9.1593,24.49,M,,,,0,S ,,U ,20.0,2012-05-30,,
860,"Half-Finger Gloves, L",GL-H102-L,False,True,Black,4,3,9.1593,24.49,L,,,,0,S ,,U ,20.0,2012-05-30,,
861,"Full-Finger Gloves, S",GL-F110-S,False,True,Black,4,3,15.6709,37.99,S,,,,0,M ,,U ,20.0,2012-05-30,2013-05-29,
862,"Full-Finger Gloves, M",GL-F110-M,False,True,Black,4,3,15.6709,37.99,M,,,,0,M ,,U ,20.0,2012-05-30,2013-05-29,
863,"Full-Finger Gloves, L",GL-F110-L,False,True,Black,4,3,15.6709,37.99,L,,,,0,M ,,U ,20.0,2012-05-30,2013-05-29,
864,"Classic Vest, S",VE-C304-S,False,True,Blue,4,3,23.749,63.5,S,,,,0,S ,,U ,25.0,2013-05-30,,
865,"Classic Vest, M",VE-C304-M,False,True,Blue,4,3,23.749,63.5,M,,,,0,S ,,U ,25.0,2013-05-30,,
866,"Classic Vest, L",VE-C304-L,False,True,Blue,4,3,23.749,63.5,L,,,,0,S ,,U ,25.0,2013-05-30,,
867,"Women's Mountain Shorts, S",SH-W890-S,False,True,Black,4,3,26.1763,69.99,S,,,,0,M ,,W ,22.0,2013-05-30,,
868,"Women's Mountain Shorts, M",SH-W890-M,False,True,Black,4,3,26.1763,69.99,M,,,,0,M ,,W ,22.0,2013-05-30,,
869,"Women's Mountain Shorts, L",SH-W890-L,False,True,Black,4,3,26.1763,69.99,L,,,,0,M ,,W ,22.0,2013-05-30,,
870,Water Bottle - 30 oz.,WB-H098,False,True,,4,3,1.8663,4.99,,,,,0,S ,,,28.0,2013-05-30,,
871,Mountain Bottle Cage,BC-M005,False,True,,4,3,3.7363,9.99,,,,,0,M ,,,28.0,2013-05-30,,
872,Road Bottle Cage,BC-R205,False,True,,4,3,3.3623,8.99,,,,,0,R ,,,28.0,2013-05-30,,
873,Patch Kit/8 Patches,PK-7098,False,True,,4,3,0.8565,2.29,,,,,0,S ,,,37.0,2013-05-30,,
874,"Racing Socks, M",SO-R809-M,False,True,White,4,3,3.3623,8.99,M,,,,0,R ,,U ,23.0,2013-05-30,,
875,"Racing Socks, L",SO-R809-L,False,True,White,4,3,3.3623,8.99,L,,,,0,R ,,U ,23.0,2013-05-30,,
876,Hitch Rack - 4-Bike,RA-H123,False,True,,4,3,44.88,120.0,,,,,0,S ,,,26.0,2013-05-30,,
877,Bike Wash - Dissolver,CL-9009,False,True,,4,3,2.9733,7.95,,,,,0,S ,,,29.0,2013-05-30,,
878,Fender Set - Mountain,FE-6654,False,True,,4,3,8.2205,21.98,,,,,0,M ,,,30.0,2013-05-30,,
879,All-Purpose Bike Stand,ST-1401,False,True,,4,3,59.466,159.0,,,,,0,M ,,,27.0,2013-05-30,,
880,Hydration Pack - 70 oz.,HY-1023-70,False,True,Silver,4,3,20.5663,54.99,70,,,,0,S ,,,32.0,2013-05-30,,
881,"Short-Sleeve Classic Jersey, S",SJ-0194-S,False,True,Yellow,4,3,41.5723,53.99,S,,,,0,S ,,U ,21.0,2013-05-30,,
882,"Short-Sleeve Classic Jersey, M",SJ-0194-M,False,True,Yellow,4,3,41.5723,53.99,M,,,,0,S ,,U ,21.0,2013-05-30,,
883,"Short-Sleeve Classic Jersey, L",SJ-0194-L,False,True,Yellow,4,3,41.5723,53.99,L,,,,0,S ,,U ,21.0,2013-05-30,,
884,"Short-Sleeve Classic Jersey, XL",SJ-0194-X,False,True,Yellow,4,3,41.5723,53.99,XL,,,,0,S ,,U ,21.0,2013-05-30,,
885,"HL Touring Frame - Yellow, 60",FR-T98Y-60,True,True,Yellow,500,375,601.7437,1003.91,60,CM ,3.08,LB ,1,T ,H ,U ,16.0,2013-05-30,,
886,"LL Touring Frame - Yellow, 62",FR-T67Y-62,True,True,Yellow,500,375,199.8519,333.42,62,CM ,3.2,LB ,1,T ,L ,U ,16.0,2013-05-30,,
887,"HL Touring Frame - Yellow, 46",FR-T98Y-46,True,True,Yellow,500,375,601.7437,1003.91,46,CM ,2.96,LB ,1,T ,H ,U ,16.0,2013-05-30,,
888,"HL Touring Frame - Yellow, 50",FR-T98Y-50,True,True,Yellow,500,375,601.7437,1003.91,50,CM ,3.0,LB ,1,T ,H ,U ,16.0,2013-05-30,,
889,"HL Touring Frame - Yellow, 54",FR-T98Y-54,True,True,Yellow,500,375,601.7437,1003.91,54,CM ,3.04,LB ,1,T ,H ,U ,16.0,2013-05-30,,
890,"HL Touring Frame - Blue, 46",FR-T98U-46,True,True,Blue,500,375,601.7437,1003.91,46,CM ,2.96,LB ,1,T ,H ,U ,16.0,2013-05-30,,
891,"HL Touring Frame - Blue, 50",FR-T98U-50,True,True,Blue,500,375,601.7437,1003.91,50,CM ,3.0,LB ,1,T ,H ,U ,16.0,2013-05-30,,
892,"HL Touring Frame - Blue, 54",FR-T98U-54,True,True,Blue,500,375,601.7437,1003.91,54,CM ,3.04,LB ,1,T ,H ,U ,16.0,2013-05-30,,
893,"HL Touring Frame - Blue, 60",FR-T98U-60,True,True,Blue,500,375,601.7437,1003.91,60,CM ,3.08,LB ,1,T ,H ,U ,16.0,2013-05-30,,
894,Rear Derailleur,RD-2308,True,True,Silver,500,375,53.9282,121.46,,,215.0,G  ,1,,,,9.0,2013-05-30,,
895,"LL Touring Frame - Blue, 50",FR-T67U-50,True,True,Blue,500,375,199.8519,333.42,50,CM ,3.1,LB ,1,T ,L ,U ,16.0,2013-05-30,,
896,"LL Touring Frame - Blue, 54",FR-T67U-54,True,True,Blue,500,375,199.8519,333.42,54,CM ,3.14,LB ,1,T ,L ,U ,16.0,2013-05-30,,
897,"LL Touring Frame - Blue, 58",FR-T67U-58,True,True,Blue,500,375,199.8519,333.42,58,CM ,3.16,LB ,1,T ,L ,U ,16.0,2013-05-30,,
898,"LL Touring Frame - Blue, 62",FR-T67U-62,True,True,Blue,500,375,199.8519,333.42,62,CM ,3.2,LB ,1,T ,L ,U ,16.0,2013-05-30,,
899,"LL Touring Frame - Yellow, 44",FR-T67Y-44,True,True,Yellow,500,375,199.8519,333.42,44,CM ,3.02,LB ,1,T ,L ,U ,16.0,2013-05-30,,
900,"LL Touring Frame - Yellow, 50",FR-T67Y-50,True,True,Yellow,500,375,199.8519,333.42,50,CM ,3.1,LB ,1,T ,L ,U ,16.0,2013-05-30,,
901,"LL Touring Frame - Yellow, 54",FR-T67Y-54,True,True,Yellow,500,375,199.8519,333.42,54,CM ,3.14,LB ,1,T ,L ,U ,16.0,2013-05-30,,
902,"LL Touring Frame - Yellow, 58",FR-T67Y-58,True,True,Yellow,500,375,199.8519,333.42,58,CM ,3.16,LB ,1,T ,L ,U ,16.0,2013-05-30,,
903,"LL Touring Frame - Blue, 44",FR-T67U-44,True,True,Blue,500,375,199.8519,333.42,44,CM ,3.02,LB ,1,T ,L ,U ,16.0,2013-05-30,,
904,"ML Mountain Frame-W - Silver, 40",FR-M63S-40,True,True,Silver,500,375,199.3757,364.09,40,CM ,2.77,LB ,1,M ,M ,W ,12.0,2013-05-30,,
905,"ML Mountain Frame-W - Silver, 42",FR-M63S-42,True,True,Silver,500,375,199.3757,364.09,42,CM ,2.81,LB ,1,M ,M ,W ,12.0,2013-05-30,,
906,"ML Mountain Frame-W - Silver, 46",FR-M63S-46,True,True,Silver,500,375,199.3757,364.09,46,CM ,2.85,LB ,1,M ,M ,W ,12.0,2013-05-30,,
907,Rear Brakes,RB-9231,False,True,Silver,500,375,47.286,106.5,,,317.0,G  ,1,,,,6.0,2013-05-30,,
908,LL Mountain Seat/Saddle,SE-M236,False,True,,500,375,12.0413,27.12,,,,,1,M ,L ,,15.0,2013-05-30,,
909,ML Mountain Seat/Saddle,SE-M798,False,True,,500,375,17.3782,39.14,,,,,1,M ,M ,,15.0,2013-05-30,,
910,HL Mountain Seat/Saddle,SE-M940,False,True,,500,375,23.3722,52.64,,,,,1,M ,H ,,15.0,2013-05-30,,
911,LL Road Seat/Saddle,SE-R581,False,True,,500,375,12.0413,27.12,,,,,1,R ,L ,,15.0,2013-05-30,,
912,ML Road Seat/Saddle,SE-R908,False,True,,500,375,17.3782,39.14,,,,,1,T ,M ,,15.0,2013-05-30,,
913,HL Road Seat/Saddle,SE-R995,False,True,,500,375,23.3722,52.64,,,,,1,R ,H ,,15.0,2013-05-30,,
914,LL Touring Seat/Saddle,SE-T312,False,True,,500,375,12.0413,27.12,,,,,1,T ,L ,,15.0,2013-05-30,,
915,ML Touring Seat/Saddle,SE-T762,False,True,,500,375,17.3782,39.14,,,,,1,T ,M ,,15.0,2013-05-30,,
916,HL Touring Seat/Saddle,SE-T924,False,True,,500,375,23.3722,52.64,,,,,1,T ,H ,,15.0,2013-05-30,,
917,"LL Mountain Frame - Silver, 42",FR-M21S-42,True,True,Silver,500,375,144.5938,264.05,42,CM ,2.92,LB ,1,M ,L ,U ,12.0,2013-05-30,,
918,"LL Mountain Frame - Silver, 44",FR-M21S-44,True,True,Silver,500,375,144.5938,264.05,44,CM ,2.96,LB ,1,M ,L ,U ,12.0,2013-05-30,,
919,"LL Mountain Frame - Silver, 48",FR-M21S-48,True,True,Silver,500,375,144.5938,264.05,48,CM ,3.0,LB ,1,M ,L ,U ,12.0,2013-05-30,,
920,"LL Mountain Frame - Silver, 52",FR-M21S-52,True,True,Silver,500,375,144.5938,264.05,52,CM ,3.04,LB ,1,M ,L ,U ,12.0,2013-05-30,,
921,Mountain Tire Tube,TT-M928,False,True,,500,375,1.8663,4.99,,,,,0,M ,,,37.0,2013-05-30,,
922,Road Tire Tube,TT-R982,False,True,,500,375,1.4923,3.99,,,,,0,R ,,,37.0,2013-05-30,,
923,Touring Tire Tube,TT-T092,False,True,,500,375,1.8663,4.99,,,,,0,T ,,,37.0,2013-05-30,,
924,"LL Mountain Frame - Black, 42",FR-M21B-42,True,True,Black,500,375,136.785,249.79,42,CM ,2.92,LB ,1,M ,L ,U ,12.0,2013-05-30,,
925,"LL Mountain Frame - Black, 44",FR-M21B-44,True,True,Black,500,375,136.785,249.79,44,CM ,2.96,LB ,1,M ,L ,U ,12.0,2013-05-30,,
926,"LL Mountain Frame - Black, 48",FR-M21B-48,True,True,Black,500,375,136.785,249.79,48,CM ,3.0,LB ,1,M ,L ,U ,12.0,2013-05-30,,
927,"LL Mountain Frame - Black, 52",FR-M21B-52,True,True,Black,500,375,136.785,249.79,52,CM ,3.04,LB ,1,M ,L ,U ,12.0,2013-05-30,,
928,LL Mountain Tire,TI-M267,False,True,,500,375,9.3463,24.99,,,,,0,M ,L ,,37.0,2013-05-30,,
929,ML Mountain Tire,TI-M602,False,True,,500,375,11.2163,29.99,,,,,0,M ,M ,,37.0,2013-05-30,,
930,HL Mountain Tire,TI-M823,False,True,,500,375,13.09,35.0,,,,,0,M ,H ,,37.0,2013-05-30,,
931,LL Road Tire,TI-R092,False,True,,500,375,8.0373,21.49,,,,,0,R ,L ,,37.0,2013-05-30,,
932,ML Road Tire,TI-R628,False,True,,500,375,9.3463,24.99,,,,,0,R ,M ,,37.0,2013-05-30,,
933,HL Road Tire,TI-R982,False,True,,500,375,12.1924,32.6,,,,,0,R ,H ,,37.0,2013-05-30,,
934,Touring Tire,TI-T723,False,True,,500,375,10.8423,28.99,,,,,0,T ,,,37.0,2013-05-30,,
935,LL Mountain Pedal,PD-M282,False,True,Silver/Black,500,375,17.9776,40.49,,,218.0,G  ,1,M ,L ,,13.0,2013-05-30,,
936,ML Mountain Pedal,PD-M340,False,True,Silver/Black,500,375,27.568,62.09,,,215.0,G  ,1,M ,M ,,13.0,2013-05-30,,
937,HL Mountain Pedal,PD-M562,False,True,Silver/Black,500,375,35.9596,80.99,,,185.0,G  ,1,M ,H ,,13.0,2013-05-30,,
938,LL Road Pedal,PD-R347,False,True,Silver/Black,500,375,17.9776,40.49,,,189.0,G  ,1,R ,L ,,13.0,2013-05-30,,
939,ML Road Pedal,PD-R563,False,True,Silver/Black,500,375,27.568,62.09,,,168.0,G  ,1,R ,M ,,13.0,2013-05-30,,
940,HL Road Pedal,PD-R853,False,True,Silver/Black,500,375,35.9596,80.99,,,149.0,G  ,1,R ,H ,,13.0,2013-05-30,,
941,Touring Pedal,PD-T852,False,True,Silver/Black,500,375,35.9596,80.99,,,,,1,T ,,,13.0,2013-05-30,,
942,"ML Mountain Frame-W - Silver, 38",FR-M63S-38,True,True,Silver,500,375,199.3757,364.09,38,CM ,2.73,LB ,2,M ,M ,W ,12.0,2013-05-30,,
943,"LL Mountain Frame - Black, 40",FR-M21B-40,True,True,Black,500,375,136.785,249.79,40,CM ,2.88,LB ,2,M ,L ,U ,12.0,2013-05-30,,
944,"LL Mountain Frame - Silver, 40",FR-M21S-40,True,True,Silver,500,375,144.5938,264.05,40,CM ,2.88,LB ,2,M ,L ,U ,12.0,2013-05-30,,
945,Front Derailleur,FD-2342,True,True,Silver,500,375,40.6216,91.49,,,88.0,G  ,1,,,,9.0,2013-05-30,,
946,LL Touring Handlebars,HB-T721,True,True,,500,375,20.464,46.09,,,,,1,T ,L ,,4.0,2013-05-30,,
947,HL Touring Handlebars,HB-T928,True,True,,500,375,40.6571,91.57,,,,,1,T ,H ,,4.0,2013-05-30,,
948,Front Brakes,FB-9873,False,True,Silver,500,375,47.286,106.5,,,317.0,G  ,1,,,,6.0,2013-05-30,,
949,LL Crankset,CS-4759,True,True,Black,500,375,77.9176,175.49,,,600.0,G  ,1,,L ,,8.0,2013-05-30,,
950,ML Crankset,CS-6583,True,True,Black,500,375,113.8816,256.49,,,635.0,G  ,1,,M ,,8.0,2013-05-30,,
951,HL Crankset,CS-9183,True,True,Black,500,375,179.8156,404.99,,,575.0,G  ,1,,H ,,8.0,2013-05-30,,
952,Chain,CH-0234,False,True,Silver,500,375,8.9866,20.24,,,,,1,,,,7.0,2013-05-30,,
953,"Touring-2000 Blue, 60",BK-T44U-60,True,True,Blue,100,75,755.1508,1214.85,60,CM ,27.9,LB ,4,T ,M ,U ,3.0,2013-05-30,,
954,"Touring-1000 Yellow, 46",BK-T79Y-46,True,True,Yellow,100,75,1481.9379,2384.07,46,CM ,25.13,LB ,4,T ,H ,U ,3.0,2013-05-30,,
955,"Touring-1000 Yellow, 50",BK-T79Y-50,True,True,Yellow,100,75,1481.9379,2384.07,50,CM ,25.42,LB ,4,T ,H ,U ,3.0,2013-05-30,,
956,"Touring-1000 Yellow, 54",BK-T79Y-54,True,True,Yellow,100,75,1481.9379,2384.07,54,CM ,25.68,LB ,4,T ,H ,U ,3.0,2013-05-30,,
957,"Touring-1000 Yellow, 60",BK-T79Y-60,True,True,Yellow,100,75,1481.9379,2384.07,60,CM ,25.9,LB ,4,T ,H ,U ,3.0,2013-05-30,,
958,"Touring-3000 Blue, 54",BK-T18U-54,True,True,Blue,100,75,461.4448,742.35,54,CM ,29.68,LB ,4,T ,L ,U ,3.0,2013-05-30,,
959,"Touring-3000 Blue, 58",BK-T18U-58,True,True,Blue,100,75,461.4448,742.35,58,CM ,29.9,LB ,4,T ,L ,U ,3.0,2013-05-30,,
960,"Touring-3000 Blue, 62",BK-T18U-62,True,True,Blue,100,75,461.4448,742.35,62,CM ,30.0,LB ,4,T ,L ,U ,3.0,2013-05-30,,
961,"Touring-3000 Yellow, 44",BK-T18Y-44,True,True,Yellow,100,75,461.4448,742.35,44,CM ,28.77,LB ,4,T ,L ,U ,3.0,2013-05-30,,
962,"Touring-3000 Yellow, 50",BK-T18Y-50,True,True,Yellow,100,75,461.4448,742.35,50,CM ,29.13,LB ,4,T ,L ,U ,3.0,2013-05-30,,
963,"Touring-3000 Yellow, 54",BK-T18Y-54,True,True,Yellow,100,75,461.4448,742.35,54,CM ,29.42,LB ,4,T ,L ,U ,3.0,2013-05-30,,
964,"Touring-3000 Yellow, 58",BK-T18Y-58,True,True,Yellow,100,75,461.4448,742.35,58,CM ,29.79,LB ,4,T ,L ,U ,3.0,2013-05-30,,
965,"Touring-3000 Yellow, 62",BK-T18Y-62,True,True,Yellow,100,75,461.4448,742.35,62,CM ,30.0,LB ,4,T ,L ,U ,3.0,2013-05-30,,
966,"Touring-1000 Blue, 46",BK-T79U-46,True,True,Blue,100,75,1481.9379,2384.07,46,CM ,25.13,LB ,4,T ,H ,U ,3.0,2013-05-30,,
967,"Touring-1000 Blue, 50",BK-T79U-50,True,True,Blue,100,75,1481.9379,2384.07,50,CM ,25.42,LB ,4,T ,H ,U ,3.0,2013-05-30,,
968,"Touring-1000 Blue, 54",BK-T79U-54,True,True,Blue,100,75,1481.9379,2384.07,54,CM ,25.68,LB ,4,T ,H ,U ,3.0,2013-05-30,,
969,"Touring-1000 Blue, 60",BK-T79U-60,True,True,Blue,100,75,1481.9379,2384.07,60,CM ,25.9,LB ,4,T ,H ,U ,3.0,2013-05-30,,
970,"Touring-2000 Blue, 46",BK-T44U-46,True,True,Blue,100,75,755.1508,1214.85,46,CM ,27.13,LB ,4,T ,M ,U ,3.0,2013-05-30,,
971,"Touring-2000 Blue, 50",BK-T44U-50,True,True,Blue,100,75,755.1508,1214.85,50,CM ,27.42,LB ,4,T ,M ,U ,3.0,2013-05-30,,
972,"Touring-2000 Blue, 54",BK-T44U-54,True,True,Blue,100,75,755.1508,1214.85,54,CM ,27.68,LB ,4,T ,M ,U ,3.0,2013-05-30,,
973,"Road-350-W Yellow, 40",BK-R79Y-40,True,True,Yellow,100,75,1082.51,1700.99,40,CM ,15.35,LB ,4,R ,M ,W ,2.0,2013-05-30,,
974,"Road-350-W Yellow, 42",BK-R79Y-42,True,True,Yellow,100,75,1082.51,1700.99,42,CM ,15.77,LB ,4,R ,M ,W ,2.0,2013-05-30,,
975,"Road-350-W Yellow, 44",BK-R79Y-44,True,True,Yellow,100,75,1082.51,1700.99,44,CM ,16.13,LB ,4,R ,M ,W ,2.0,2013-05-30,,
976,"Road-350-W Yellow, 48",BK-R79Y-48,True,True,Yellow,100,75,1082.51,1700.99,48,CM ,16.42,LB ,4,R ,M ,W ,2.0,2013-05-30,,
977,"Road-750 Black, 58",BK-R19B-58,True,True,Black,100,75,343.6496,539.99,58,CM ,20.79,LB ,4,R ,L ,U ,2.0,2013-05-30,,
978,"Touring-3000 Blue, 44",BK-T18U-44,True,True,Blue,100,75,461.4448,742.35,44,CM ,28.77,LB ,4,T ,L ,U ,3.0,2013-05-30,,
979,"Touring-3000 Blue, 50",BK-T18U-50,True,True,Blue,100,75,461.4448,742.35,50,CM ,29.13,LB ,4,T ,L ,U ,3.0,2013-05-30,,
980,"Mountain-400-W Silver, 38",BK-M38S-38,True,True,Silver,100,75,419.7784,769.49,38,CM ,26.35,LB ,4,M ,M ,W ,1.0,2013-05-30,,
981,"Mountain-400-W Silver, 40",BK-M38S-40,True,True,Silver,100,75,419.7784,769.49,40,CM ,26.77,LB ,4,M ,M ,W ,1.0,2013-05-30,,
982,"Mountain-400-W Silver, 42",BK-M38S-42,True,True,Silver,100,75,419.7784,769.49,42,CM ,27.13,LB ,4,M ,M ,W ,1.0,2013-05-30,,
983,"Mountain-400-W Silver, 46",BK-M38S-46,True,True,Silver,100,75,419.7784,769.49,46,CM ,27.42,LB ,4,M ,M ,W ,1.0,2013-05-30,,
984,"Mountain-500 Silver, 40",BK-M18S-40,True,True,Silver,100,75,308.2179,564.99,40,CM ,27.35,LB ,4,M ,L ,U ,1.0,2013-05-30,,
985,"Mountain-500 Silver, 42",BK-M18S-42,True,True,Silver,100,75,308.2179,564.99,42,CM ,27.77,LB ,4,M ,L ,U ,1.0,2013-05-30,,
986,"Mountain-500 Silver, 44",BK-M18S-44,True,True,Silver,100,75,308.2179,564.99,44,CM ,28.13,LB ,4,M ,L ,U ,1.0,2013-05-30,,
987,"Mountain-500 Silver, 48",BK-M18S-48,True,True,Silver,100,75,308.2179,564.99,48,CM ,28.42,LB ,4,M ,L ,U ,1.0,2013-05-30,,
988,"Mountain-500 Silver, 52",BK-M18S-52,True,True,Silver,100,75,308.2179,564.99,52,CM ,28.68,LB ,4,M ,L ,U ,1.0,2013-05-30,,
989,"Mountain-500 Black, 40",BK-M18B-40,True,True,Black,100,75,294.5797,539.99,40,CM ,27.35,LB ,4,M ,L ,U ,1.0,2013-05-30,,
990,"Mountain-500 Black, 42",BK-M18B-42,True,True,Black,100,75,294.5797,539.99,42,CM ,27.77,LB ,4,M ,L ,U ,1.0,2013-05-30,,
991,"Mountain-500 Black, 44",BK-M18B-44,True,True,Black,100,75,294.5797,539.99,44,CM ,28.13,LB ,4,M ,L ,U ,1.0,2013-05-30,,
992,"Mountain-500 Black, 48",BK-M18B-48,True,True,Black,100,75,294.5797,539.99,48,CM ,28.42,LB ,4,M ,L ,U ,1.0,2013-05-30,,
993,"Mountain-500 Black, 52",BK-M18B-52,True,True,Black,100,75,294.5797,539.99,52,CM ,28.68,LB ,4,M ,L ,U ,1.0,2013-05-30,,
994,LL Bottom Bracket,BB-7421,True,True,,500,375,23.9716,53.99,,,223.0,G  ,1,,L ,,5.0,2013-05-30,,
995,ML Bottom Bracket,BB-8107,True,True,,500,375,44.9506,101.24,,,168.0,G  ,1,,M ,,5.0,2013-05-30,,
996,HL Bottom Bracket,BB-9108,True,True,,500,375,53.9416,121.49,,,170.0,G  ,1,,H ,,5.0,2013-05-30,,
997,"Road-750 Black, 44",BK-R19B-44,True,True,Black,100,75,343.6496,539.99,44,CM ,19.77,LB ,4,R ,L ,U ,2.0,2013-05-30,,
998,"Road-750 Black, 48",BK-R19B-48,True,True,Black,100,75,343.6496,539.99,48,CM ,20.13,LB ,4,R ,L ,U ,2.0,2013-05-30,,
999,"Road-750 Black, 52",BK-R19B-52,True,True,Black,100,75,343.6496,539.99,52,CM ,20.42,LB ,4,R ,L ,U ,2.0,2013-05-30,,
